BHK,Rent,Size,Area Type,Area Locality,City,Furnishing Status,Tenant Preferred,Bathroom,Point of Contact,CurrentFloor,TotalFloors,Year
2,10000,1100,2,221,4,2,1,2,2,0.0,2.0,2022
2,20000,800,2,1527,4,1,1,1,2,1.0,3.0,2022
2,17000,1000,2,1760,4,1,1,1,2,1.0,3.0,2022
2,10000,800,2,526,4,2,1,1,2,1.0,2.0,2022
2,7500,850,1,1890,4,2,0,1,2,1.0,2.0,2022
2,7000,600,2,1975,4,2,1,2,2,0.0,1.0,2022
2,10000,700,2,1184,4,2,0,2,0,0.0,4.0,2022
1,5000,250,2,1184,4,2,0,1,0,1.0,2.0,2022
2,26000,800,1,1476,4,2,0,2,0,1.0,2.0,2022
2,10000,1000,1,1358,4,1,1,2,2,1.0,3.0,2022
3,25000,1200,1,29,4,1,1,2,0,1.0,4.0,2022
1,5000,400,1,991,4,2,1,1,0,1.0,1.0,2022
1,6500,250,1,1965,4,0,0,1,2,1.0,4.0,2022
1,5500,375,1,525,4,2,1,1,0,1.0,2.0,2022
3,8500,900,1,1501,4,2,0,2,2,0.0,2.0,2022
3,40000,1286,1,1401,4,0,1,2,2,1.0,1.0,2022
2,6000,600,2,237,4,1,1,1,2,1.0,2.0,2022
2,10000,800,2,260,4,2,1,1,2,0.0,2.0,2022
2,11000,2000,1,261,4,2,1,1,2,0.0,3.0,2022
2,6000,660,2,260,4,2,1,1,2,1.0,2.0,2022
2,7900,650,1,1780,4,2,2,1,2,1.0,2.0,2022
2,9000,400,1,613,4,2,0,2,2,2.0,3.0,2022
1,4000,300,1,613,4,2,1,1,2,0.0,4.0,2022
3,6500,1600,2,860,4,2,1,1,2,0.0,2.0,2022
1,8000,400,2,1893,4,1,0,1,0,1.0,2.0,2022
2,7000,1000,2,1631,4,2,1,1,2,1.0,1.0,2022
1,5300,355,1,522,4,1,1,1,0,1.0,1.0,2022
2,6000,1000,2,1010,4,1,1,1,2,0.0,3.0,2022
2,8500,800,2,197,4,2,1,1,2,4.0,5.0,2022
2,12500,850,2,1599,4,2,1,2,2,0.0,2.0,2022
1,7500,350,1,196,4,2,1,1,2,0.0,2.0,2022
2,15000,900,1,1566,4,2,1,2,2,0.0,2.0,2022
2,6000,550,2,2114,4,1,1,1,2,1.0,1.0,2022
2,5000,500,1,240,4,2,1,2,2,0.0,2.0,2022
3,22000,1100,1,526,4,2,1,1,2,2.0,3.0,2022
2,15000,850,1,1893,4,1,1,1,2,1.0,2.0,2022
2,12500,800,1,1855,4,2,0,1,0,2.0,2.0,2022
2,7000,630,1,312,4,2,0,1,2,0.0,3.0,2022
2,21000,900,1,231,4,1,0,2,2,1.0,2.0,2022
1,10000,270,1,818,4,1,1,1,2,1.0,2.0,2022
2,7200,630,1,312,4,1,1,1,2,0.0,1.0,2022
3,12000,1500,1,276,4,0,0,2,2,0.0,2.0,2022
1,5000,600,2,260,4,2,1,1,2,2.0,5.0,2022
2,8500,700,1,240,4,1,1,1,2,4.0,14.0,2022
1,6000,300,2,213,4,1,1,1,2,0.0,3.0,2022
2,10000,1300,2,911,4,1,2,2,2,0.0,1.0,2022
2,4600,400,1,260,4,1,0,1,2,3.0,3.0,2022
2,12000,650,2,200,4,2,2,2,2,0.0,1.0,2022
3,30000,2000,2,260,4,1,1,2,2,0.0,2.0,2022
3,15000,1068,2,231,4,1,1,2,2,0.0,3.0,2022
1,7500,150,2,1758,4,0,1,1,2,1.0,1.0,2022
1,7500,450,1,1400,4,2,0,1,2,2.0,2.0,2022
2,5000,800,1,240,4,2,1,1,2,0.0,1.0,2022
2,15000,1000,2,231,4,2,1,2,2,0.0,2.0,2022
2,11000,900,2,1481,4,1,0,1,2,5.0,5.0,2022
1,7000,600,1,260,4,2,1,1,2,0.0,2.0,2022
2,6000,1200,2,744,4,2,1,1,2,1.0,1.0,2022
2,6000,1200,2,744,4,1,0,2,2,2.0,2.0,2022
2,7000,650,2,99,4,1,1,2,2,0.0,3.0,2022
2,8500,720,1,1850,4,1,1,2,2,4.0,4.0,2022
1,5000,300,1,964,4,2,0,1,2,1.0,3.0,2022
3,30000,1200,1,2045,4,2,1,3,0,0.0,2.0,2022
2,10000,700,1,1795,4,2,1,2,2,7.0,8.0,2022
3,30000,2000,2,1330,4,1,1,2,2,1.0,3.0,2022
1,3500,250,2,204,4,1,1,1,2,0.0,4.0,2022
2,8000,1100,1,1330,4,2,0,1,2,0.0,3.0,2022
1,5000,300,1,964,4,2,1,1,2,0.0,2.0,2022
2,7500,600,2,99,4,1,1,1,2,0.0,2.0,2022
2,6500,800,1,363,4,2,1,1,2,0.0,2.0,2022
1,7500,680,2,817,4,2,1,1,2,1.0,3.0,2022
1,7500,680,2,817,4,2,1,1,2,0.0,2.0,2022
2,16000,850,1,1759,4,1,0,1,0,1.0,4.0,2022
2,16000,850,1,1759,4,1,0,1,0,1.0,2.0,2022
2,6500,700,2,221,4,2,0,1,2,0.0,2.0,2022
3,40000,1500,2,266,4,2,1,2,2,0.0,2.0,2022
2,12500,950,2,1157,4,1,1,2,2,1.0,4.0,2022
2,5500,500,2,200,4,2,1,1,2,0.0,2.0,2022
1,5000,450,1,524,4,1,1,1,2,2.0,4.0,2022
2,6500,700,2,1887,4,2,0,1,2,0.0,2.0,2022
1,8000,500,2,1089,4,2,1,1,2,1.0,2.0,2022
3,14500,1800,2,265,4,1,1,2,2,0.0,2.0,2022
1,8200,500,1,1598,4,1,1,1,2,1.0,3.0,2022
2,15000,480,1,2220,4,0,1,2,2,0.0,3.0,2022
6,20000,1000,2,1887,4,1,1,2,2,1.0,1.0,2022
2,6700,800,2,203,4,0,1,1,2,1.0,2.0,2022
1,10000,435,2,964,4,2,1,1,2,2.0,3.0,2022
2,7000,700,1,525,4,1,1,2,0,0.0,2.0,2022
2,22000,800,2,707,4,0,1,1,0,4.0,4.0,2022
2,6500,450,2,57,4,2,1,1,2,1.0,3.0,2022
2,8500,550,1,965,4,1,1,1,0,2.0,3.0,2022
2,18000,800,1,1758,4,2,0,2,0,0.0,4.0,2022
2,12000,550,1,196,4,1,2,2,2,0.0,2.0,2022
1,9000,600,2,260,4,0,1,1,2,2.0,4.0,2022
1,6000,500,2,1390,4,2,1,1,2,0.0,1.0,2022
2,20000,1000,2,107,4,0,1,2,2,1.0,2.0,2022
1,5000,300,1,525,4,2,1,1,2,1.0,2.0,2022
2,12000,1200,2,327,4,0,1,2,2,1.0,3.0,2022
2,10000,500,1,1598,4,1,1,1,2,3.0,4.0,2022
4,18000,1200,2,194,4,2,2,2,2,1.0,2.0,2022
2,15000,900,1,1759,4,1,1,2,0,1.0,2.0,2022
3,22000,1300,1,1760,4,2,1,3,0,0.0,2.0,2022
4,35000,1600,1,1761,4,2,1,3,0,1.0,5.0,2022
3,21000,1450,2,57,4,2,2,2,2,0.0,1.0,2022
2,25000,1100,2,29,4,0,0,2,0,2.0,2.0,2022
2,180000,950,1,167,4,2,1,2,2,0.0,1.0,2022
1,6000,600,1,1559,4,2,1,1,2,8.0,5.0,2022
2,14000,700,1,1052,4,2,1,2,2,0.0,2.0,2022
3,8000,750,2,1751,4,2,2,1,2,0.0,2.0,2022
2,8000,1000,2,1580,4,2,1,1,2,0.0,1.0,2022
1,6000,220,2,304,4,0,1,1,2,0.0,2.0,2022
1,8000,300,1,1333,4,1,0,1,0,1.0,3.0,2022
1,6000,300,1,2001,4,2,1,1,0,0.0,1.0,2022
1,20000,700,2,1774,4,1,1,1,2,1.0,2.0,2022
3,12000,800,2,1497,4,2,1,2,2,0.0,1.0,2022
3,15000,1600,2,611,4,2,1,2,2,1.0,3.0,2022
2,14000,1000,1,964,4,2,1,2,2,1.0,3.0,2022
1,5000,20,2,458,4,2,1,1,2,2.0,3.0,2022
2,7000,400,1,2169,4,2,1,1,2,0.0,2.0,2022
1,3900,200,2,1855,4,0,1,1,2,2.0,2.0,2022
3,14000,840,1,1294,4,2,0,2,2,1.0,4.0,2022
1,6300,300,1,1762,4,2,1,1,0,1.0,1.0,2022
2,13000,550,1,1762,4,0,1,2,0,1.0,2.0,2022
1,6800,300,1,1762,4,2,1,1,0,1.0,2.0,2022
2,8000,800,2,261,4,2,1,2,2,1.0,1.0,2022
2,10000,740,1,1887,4,2,0,1,2,0.0,6.0,2022
2,18000,1300,2,1780,4,2,1,2,2,1.0,1.0,2022
2,8000,650,2,613,4,1,1,1,2,0.0,1.0,2022
2,8000,490,2,564,4,1,1,1,2,1.0,1.0,2022
1,4700,250,2,900,4,0,1,1,2,2.0,2.0,2022
1,4700,250,2,462,4,0,1,1,2,0.0,1.0,2022
1,4500,450,2,1598,4,2,1,1,2,1.0,2.0,2022
1,6000,300,1,1759,4,1,1,1,2,0.0,1.0,2022
2,16000,750,2,1632,4,2,1,2,2,1.0,3.0,2022
1,4700,250,2,900,4,0,1,1,2,1.0,2.0,2022
2,14000,751,1,196,4,2,0,1,2,3.0,3.0,2022
2,9000,900,1,1089,4,1,0,1,2,0.0,2.0,2022
2,5000,400,1,991,4,1,1,1,2,1.0,3.0,2022
2,17500,1000,1,1758,4,1,1,2,0,0.0,2.0,2022
2,8500,1000,1,1889,4,2,1,1,2,0.0,1.0,2022
3,15000,1500,1,377,4,1,2,2,2,1.0,1.0,2022
2,12500,750,1,1921,4,2,1,2,2,1.0,3.0,2022
1,13000,1200,2,964,4,1,1,1,2,2.0,4.0,2022
2,8000,700,2,1751,4,2,1,1,2,0.0,1.0,2022
2,8000,700,1,612,4,0,1,1,2,4.0,4.0,2022
2,8000,1000,2,405,4,1,1,1,2,0.0,2.0,2022
2,7000,1200,2,1029,4,2,1,2,2,1.0,3.0,2022
2,2200,550,2,262,4,0,1,1,2,2.0,3.0,2022
2,8000,800,1,2114,4,2,0,1,2,0.0,4.0,2022
2,5500,280,2,1383,4,2,0,1,2,1.0,3.0,2022
3,20000,1100,2,1976,4,2,1,3,2,0.0,2.0,2022
2,7000,950,2,900,4,2,1,1,0,0.0,2.0,2022
1,3500,250,2,1527,4,0,1,1,2,1.0,2.0,2022
2,5000,1000,1,725,4,2,0,1,2,0.0,2.0,2022
3,20000,1000,1,1759,4,1,1,2,2,0.0,2.0,2022
2,7000,650,2,755,4,2,1,1,2,0.0,2.0,2022
2,10000,700,2,268,4,2,1,2,2,1.0,2.0,2022
2,7000,700,1,197,4,2,0,1,2,0.0,3.0,2022
3,12000,1000,2,543,4,1,1,2,2,0.0,3.0,2022
2,14500,900,1,1482,4,2,0,2,2,1.0,4.0,2022
1,6000,700,2,2044,4,2,1,1,2,1.0,2.0,2022
2,9500,700,2,817,4,2,1,2,2,1.0,2.0,2022
2,10000,450,1,260,4,1,1,2,2,2.0,1.0,2022
1,3500,120,2,523,4,2,1,1,2,0.0,3.0,2022
2,9000,800,2,1390,4,1,1,2,2,1.0,2.0,2022
3,40000,1220,1,1761,4,2,1,2,2,2.0,3.0,2022
3,16500,1100,2,1278,4,2,1,1,2,0.0,3.0,2022
3,8000,700,1,691,4,2,2,2,2,0.0,3.0,2022
2,12000,800,2,1780,4,0,1,1,2,0.0,3.0,2022
2,6500,670,2,527,4,2,2,1,2,2.0,2.0,2022
4,40000,1300,2,213,4,2,1,3,2,1.0,2.0,2022
1,5000,190,2,198,4,1,1,1,2,0.0,2.0,2022
2,9000,700,2,886,4,1,1,1,2,0.0,2.0,2022
1,7000,240,1,817,4,2,0,1,2,0.0,4.0,2022
2,18000,850,1,261,4,1,2,1,2,2.0,4.0,2022
1,9000,950,2,692,4,2,1,2,2,1.0,2.0,2022
1,5500,450,1,330,4,0,1,1,2,1.0,2.0,2022
2,7500,800,1,325,4,2,0,1,2,0.0,2.0,2022
2,4000,600,1,1404,4,2,1,1,2,1.0,2.0,2022
3,10500,800,1,1969,4,2,0,2,2,2.0,2.0,2022
3,15000,1100,1,1938,4,2,1,2,2,0.0,2.0,2022
2,15000,800,1,197,4,0,1,1,2,0.0,2.0,2022
1,50000,2200,2,945,4,0,1,3,2,2.0,5.0,2022
2,12000,950,1,861,4,2,0,2,2,1.0,1.0,2022
2,11000,550,1,2027,4,2,1,1,2,2.0,3.0,2022
2,12000,1800,1,312,4,2,0,2,2,1.0,1.0,2022
2,8000,1000,2,405,4,0,1,1,2,0.0,2.0,2022
2,18000,600,2,195,4,1,1,2,2,0.0,3.0,2022
2,8000,750,1,2213,4,1,1,2,2,2.0,4.0,2022
2,7000,685,2,525,4,2,1,1,0,2.0,3.0,2022
1,6500,44,1,236,4,0,1,1,2,0.0,1.0,2022
4,13000,1200,1,2009,4,2,1,1,2,0.0,2.0,2022
2,9000,500,1,53,4,2,0,1,2,0.0,2.0,2022
4,10000,1110,1,1579,4,2,1,2,2,2.0,2.0,2022
2,12000,1000,2,817,4,2,1,2,2,1.0,3.0,2022
2,5000,392,2,817,4,2,1,1,2,0.0,2.0,2022
2,6000,700,2,238,4,2,1,1,2,1.0,2.0,2022
1,5200,750,2,991,4,2,1,1,2,2.0,4.0,2022
3,15000,1500,2,313,4,2,2,2,2,1.0,2.0,2022
2,9000,900,2,991,4,2,1,2,2,0.0,1.0,2022
1,24000,710,2,1759,4,0,0,1,0,1.0,1.0,2022
1,5500,400,1,2198,4,2,1,1,2,0.0,3.0,2022
1,10000,700,1,611,4,2,0,1,2,1.0,2.0,2022
2,15000,1000,1,2007,4,1,1,1,2,0.0,2.0,2022
1,4700,250,2,900,4,0,1,1,2,1.0,2.0,2022
1,5000,500,1,249,4,1,1,1,2,0.0,3.0,2022
2,5000,450,1,312,4,1,1,1,2,2.0,2.0,2022
3,15000,1400,2,1938,4,2,1,1,2,1.0,3.0,2022
1,5000,500,1,249,4,1,1,1,2,1.0,1.0,2022
2,6000,700,1,704,4,2,1,1,2,0.0,1.0,2022
3,18000,1200,1,1759,4,1,1,1,2,1.0,3.0,2022
2,8000,450,1,116,4,2,0,1,2,1.0,2.0,2022
1,13000,500,1,1760,4,0,0,1,0,2.0,2.0,2022
2,7500,400,1,2202,4,2,1,1,2,0.0,1.0,2022
3,12000,1000,2,1001,4,2,1,2,2,0.0,1.0,2022
2,11000,750,1,1498,4,2,0,1,2,0.0,1.0,2022
1,6000,450,2,196,4,2,2,1,2,0.0,2.0,2022
3,20000,1000,1,1761,4,2,0,2,0,1.0,2.0,2022
2,7000,500,1,2216,4,2,0,2,2,1.0,1.0,2022
4,30000,1600,1,1761,4,2,0,2,0,0.0,1.0,2022
2,7500,550,1,1367,4,2,0,1,2,0.0,1.0,2022
1,6500,550,2,873,4,2,1,2,2,1.0,2.0,2022
1,3000,200,2,237,4,2,1,1,2,2.0,3.0,2022
2,5200,650,1,1920,4,2,0,1,2,1.0,2.0,2022
2,25000,1000,2,1953,4,0,1,2,2,1.0,1.0,2022
2,12500,680,1,239,4,2,1,2,2,0.0,2.0,2022
2,8500,720,1,1861,4,2,1,2,2,0.0,1.0,2022
2,3500,500,1,1029,4,2,0,1,2,4.0,5.0,2022
2,7000,800,2,1150,4,2,1,1,2,0.0,2.0,2022
1,3000,160,2,1052,4,2,1,1,2,0.0,1.0,2022
2,14000,1200,1,1762,4,2,1,2,0,1.0,2.0,2022
1,18000,700,2,1761,4,0,1,1,2,0.0,4.0,2022
1,3500,1000,2,523,4,1,1,1,2,0.0,1.0,2022
2,16000,1250,2,964,4,2,1,2,0,0.0,1.0,2022
4,35000,1600,2,1758,4,2,1,3,2,0.0,3.0,2022
2,21000,700,2,1084,4,1,1,1,2,0.0,2.0,2022
1,4500,450,2,1861,4,2,1,1,2,0.0,2.0,2022
2,15000,839,2,755,4,1,1,2,2,1.0,3.0,2022
1,4500,230,2,312,4,2,1,1,2,0.0,3.0,2022
1,5500,1800,2,236,4,2,1,1,2,0.0,2.0,2022
2,8500,800,2,198,4,2,1,2,2,1.0,2.0,2022
1,5000,500,1,184,4,1,1,1,2,0.0,1.0,2022
2,8500,620,1,964,4,2,0,1,2,0.0,1.0,2022
2,9000,650,1,2229,4,2,1,1,2,2.0,3.0,2022
1,7500,550,2,1333,4,1,1,1,0,1.0,2.0,2022
2,7000,450,1,2214,4,0,0,2,2,1.0,3.0,2022
3,15000,1350,1,126,4,2,2,2,2,1.0,2.0,2022
2,7000,600,2,1494,4,1,1,2,2,2.0,2.0,2022
3,10000,1200,2,265,4,0,1,1,2,2.0,4.0,2022
2,7000,700,2,698,4,2,1,1,0,1.0,2.0,2022
3,3200,800,1,295,4,0,1,2,2,1.0,3.0,2022
2,6000,600,1,1780,4,1,1,1,2,0.0,3.0,2022
2,12000,900,2,2009,4,2,1,2,2,1.0,3.0,2022
2,6000,750,2,260,4,2,1,1,2,0.0,1.0,2022
3,10000,1250,2,819,4,2,1,2,2,1.0,2.0,2022
3,12000,1000,2,461,4,1,1,3,2,2.0,2.0,2022
2,8000,600,2,755,4,1,1,1,2,0.0,2.0,2022
2,5300,650,1,1884,4,2,1,1,2,1.0,1.0,2022
2,5000,450,1,1106,4,2,0,1,2,2.0,3.0,2022
3,8500,800,2,1365,4,2,1,2,2,0.0,2.0,2022
3,22000,1000,1,1919,4,1,1,2,2,0.0,3.0,2022
2,7000,1000,2,1059,4,2,1,1,2,0.0,3.0,2022
3,25000,1400,1,1758,4,0,0,3,0,5.0,5.0,2022
2,7000,600,1,239,4,1,0,1,2,1.0,4.0,2022
2,15000,723,1,1355,4,0,2,1,2,0.0,3.0,2022
1,6000,320,1,1737,4,2,1,1,2,0.0,2.0,2022
2,8000,900,2,265,4,1,1,1,2,0.0,3.0,2022
3,40000,1400,1,1760,4,0,1,2,0,0.0,2.0,2022
1,6000,2160,2,964,4,1,0,1,2,1.0,2.0,2022
2,15000,650,1,2199,4,1,1,1,2,0.0,2.0,2022
2,6500,800,2,945,4,1,1,1,2,1.0,1.0,2022
3,8000,800,2,231,4,1,1,1,2,2.0,3.0,2022
1,5500,500,1,613,4,2,1,1,2,0.0,2.0,2022
3,9000,1700,2,1483,4,1,1,2,2,1.0,2.0,2022
1,6000,130,1,331,4,1,1,1,2,0.0,2.0,2022
1,15000,505,2,964,4,0,1,1,2,0.0,3.0,2022
4,30000,4000,2,1751,4,0,1,3,0,0.0,3.0,2022
3,30000,1250,2,1381,4,2,1,2,2,0.0,2.0,2022
1,5000,700,1,1305,4,2,1,1,2,0.0,2.0,2022
2,15000,900,2,1494,4,2,0,1,2,0.0,1.0,2022
1,6500,650,2,860,4,1,1,1,2,1.0,1.0,2022
2,4500,750,2,175,4,0,1,1,2,0.0,1.0,2022
2,7000,450,1,1208,4,2,1,1,2,0.0,3.0,2022
1,6500,350,1,483,4,1,1,1,2,1.0,2.0,2022
1,17500,480,1,1600,4,0,0,2,2,1.0,2.0,2022
2,10000,900,2,611,4,2,1,1,2,0.0,3.0,2022
1,1500,200,2,1780,4,1,1,1,2,0.0,2.0,2022
3,25000,1100,2,1673,4,2,1,3,2,2.0,3.0,2022
2,12000,800,1,964,4,2,1,1,2,1.0,2.0,2022
3,7500,1000,1,2223,4,0,1,2,2,0.0,2.0,2022
1,7000,800,1,1058,4,2,1,1,2,1.0,2.0,2022
1,3500,200,2,198,4,1,1,1,2,-1.0,4.0,2022
3,10000,1190,1,1795,4,2,1,2,2,1.0,2.0,2022
2,14000,900,1,1758,4,2,0,2,0,0.0,2.0,2022
2,15000,1500,2,611,4,2,1,2,2,0.0,2.0,2022
2,6500,600,2,1975,4,2,1,1,2,2.0,3.0,2022
3,10000,800,2,333,4,2,1,1,2,0.0,4.0,2022
2,10500,800,1,1780,4,2,2,2,2,1.0,2.0,2022
3,10000,900,1,611,4,1,1,2,2,0.0,3.0,2022
1,5000,350,1,1576,4,1,1,1,2,0.0,3.0,2022
2,9000,800,1,1884,4,2,1,1,2,0.0,2.0,2022
2,20000,1600,1,818,4,2,0,2,2,0.0,3.0,2022
3,35000,1012,1,1759,4,1,1,2,2,2.0,3.0,2022
3,15000,1200,1,1508,4,2,0,2,2,0.0,2.0,2022
2,20000,700,2,1759,4,0,1,1,2,1.0,2.0,2022
2,12000,1000,2,260,4,1,1,1,2,1.0,3.0,2022
2,8000,800,1,1975,4,2,0,1,2,0.0,3.0,2022
1,3000,500,2,703,4,1,1,1,2,0.0,1.0,2022
3,20000,1200,1,698,4,1,0,2,2,0.0,1.0,2022
1,9000,450,1,1760,4,2,0,1,0,0.0,2.0,2022
3,13000,950,1,1602,4,2,1,2,2,0.0,2.0,2022
1,7000,350,1,1762,4,2,1,1,0,0.0,2.0,2022
1,9000,450,1,1762,4,2,1,1,0,0.0,3.0,2022
1,9000,550,1,227,4,1,0,1,2,0.0,2.0,2022
2,10000,300,1,991,4,2,0,1,2,0.0,1.0,2022
3,15000,1250,2,1751,4,1,1,2,2,0.0,3.0,2022
2,7000,700,2,611,4,2,1,1,2,2.0,3.0,2022
3,8000,812,2,743,4,2,1,2,2,0.0,3.0,2022
2,8000,550,2,908,4,2,1,1,2,0.0,2.0,2022
1,5000,500,2,1678,4,1,1,1,2,0.0,1.0,2022
1,14000,320,1,30,4,0,0,1,2,1.0,2.0,2022
2,5000,600,2,108,4,2,1,1,2,0.0,2.0,2022
2,5000,420,1,237,4,2,0,1,2,0.0,2.0,2022
3,12000,1100,2,1601,4,2,0,1,2,0.0,2.0,2022
1,3200,220,2,1884,4,2,1,1,2,3.0,4.0,2022
2,8500,700,1,1419,4,1,1,2,2,0.0,2.0,2022
3,16000,1200,1,202,4,2,1,2,0,0.0,2.0,2022
2,14000,800,1,1781,4,2,1,2,2,0.0,3.0,2022
1,8000,300,1,231,4,0,0,1,0,0.0,1.0,2022
2,7000,650,1,240,4,2,1,1,2,0.0,2.0,2022
1,8000,600,2,611,4,0,1,1,2,1.0,2.0,2022
1,3000,350,2,265,4,2,1,1,2,0.0,3.0,2022
1,3800,500,1,1339,4,2,0,1,2,1.0,3.0,2022
1,6500,400,2,2126,4,2,1,1,2,1.0,1.0,2022
3,20000,1750,2,913,4,1,1,3,2,0.0,3.0,2022
3,30000,1600,2,213,4,2,1,2,2,3.0,3.0,2022
1,8000,300,1,1762,4,1,1,1,0,0.0,2.0,2022
2,14000,1100,2,1939,4,1,1,2,2,1.0,3.0,2022
2,7200,830,2,1884,4,2,1,1,2,0.0,3.0,2022
2,7000,600,1,5,4,1,1,2,2,0.0,2.0,2022
1,7000,500,2,236,4,2,0,2,2,1.0,2.0,2022
2,7500,900,1,523,4,2,1,1,2,1.0,2.0,2022
2,8500,1250,1,237,4,2,2,2,2,0.0,1.0,2022
2,12000,700,1,1760,4,2,0,1,0,0.0,2.0,2022
1,8500,850,1,458,4,2,0,2,2,0.0,1.0,2022
2,9500,550,1,613,4,2,1,1,2,0.0,1.0,2022
2,7500,550,1,1389,4,0,1,2,2,0.0,1.0,2022
2,12000,1200,2,702,4,2,1,1,2,0.0,1.0,2022
3,20000,1100,1,1760,4,2,0,2,0,0.0,1.0,2022
2,8500,650,2,755,4,1,1,1,2,0.0,1.0,2022
3,20000,1050,1,1760,4,2,0,2,0,0.0,1.0,2022
2,6000,960,2,522,4,1,1,2,2,0.0,2.0,2022
2,5500,650,1,860,4,2,1,2,2,1.0,1.0,2022
1,7000,550,2,964,4,1,1,1,2,0.0,2.0,2022
2,7000,500,2,525,4,1,1,2,2,0.0,1.0,2022
1,6500,450,2,200,4,2,2,1,2,3.0,4.0,2022
2,10000,850,2,45,4,2,0,2,2,1.0,2.0,2022
1,5200,300,1,522,4,2,1,1,0,0.0,3.0,2022
2,13000,1000,1,1311,4,1,1,3,2,1.0,2.0,2022
2,7000,500,1,611,4,2,1,1,2,1.0,3.0,2022
2,12000,756,1,463,4,1,1,1,2,0.0,3.0,2022
1,15000,1000,2,239,4,2,1,1,2,2.0,3.0,2022
1,5000,150,1,107,4,2,1,1,2,1.0,2.0,2022
1,8000,800,1,1402,4,2,0,1,2,0.0,2.0,2022
2,8000,700,2,597,4,2,0,2,0,2.0,3.0,2022
1,5000,420,2,562,4,2,0,1,2,3.0,3.0,2022
2,10000,800,2,597,4,2,0,1,0,0.0,1.0,2022
2,12000,288,1,964,4,2,0,1,2,2.0,3.0,2022
2,8000,900,2,1969,4,2,1,2,2,0.0,1.0,2022
2,21000,850,1,1760,4,2,0,2,0,1.0,1.0,2022
1,5000,350,1,1975,4,2,0,1,2,1.0,1.0,2022
2,9000,600,2,196,4,2,1,1,2,0.0,2.0,2022
2,8000,1600,1,922,4,1,0,1,2,0.0,2.0,2022
2,7000,986,1,1553,4,2,0,1,2,2.0,3.0,2022
3,35000,1330,1,1760,4,2,0,2,0,1.0,3.0,2022
3,15000,1300,2,1089,4,1,1,2,2,0.0,3.0,2022
2,6200,800,1,992,4,2,0,1,2,0.0,2.0,2022
2,9900,800,1,305,4,2,1,1,2,1.0,4.0,2022
2,7000,850,2,236,4,2,0,1,2,0.0,3.0,2022
1,5000,322,1,525,4,2,1,1,0,1.0,3.0,2022
2,6500,800,1,45,4,0,1,1,2,0.0,2.0,2022
4,40000,1500,1,1759,4,2,0,2,0,0.0,2.0,2022
3,40000,3500,2,1758,4,1,1,2,2,1.0,2.0,2022
2,12000,957,1,465,4,0,0,2,2,1.0,2.0,2022
1,6500,850,1,204,4,2,0,1,2,1.0,3.0,2022
2,10000,900,1,312,4,2,0,2,2,0.0,2.0,2022
2,15000,600,2,45,4,1,1,1,2,0.0,2.0,2022
1,5000,350,1,45,4,1,1,1,2,0.0,5.0,2022
2,7000,800,2,1975,4,2,1,1,2,0.0,2.0,2022
2,6000,320,1,201,4,2,1,1,2,1.0,2.0,2022
3,15000,800,1,873,4,2,1,1,2,0.0,4.0,2022
2,10000,700,1,196,4,1,0,2,2,1.0,1.0,2022
2,22000,1200,2,1759,4,1,1,2,0,1.0,2.0,2022
2,8500,750,1,1652,4,1,1,1,2,1.0,2.0,2022
3,35000,1200,2,1759,4,1,1,3,0,0.0,3.0,2022
2,7000,450,1,597,4,2,1,1,2,0.0,4.0,2022
3,8500,1430,2,198,4,1,1,1,2,0.0,2.0,2022
2,6000,450,2,525,4,2,1,1,0,1.0,3.0,2022
4,35000,800,2,260,4,1,1,3,2,0.0,1.0,2022
1,6000,400,2,1975,4,2,1,1,2,1.0,2.0,2022
2,8000,650,2,613,4,2,1,1,2,1.0,2.0,2022
1,5000,450,1,574,4,2,1,1,2,1.0,2.0,2022
2,6000,600,2,263,4,2,1,1,2,0.0,4.0,2022
3,15000,1200,1,1089,4,2,2,2,2,1.0,3.0,2022
2,9000,700,1,197,4,2,0,1,2,3.0,3.0,2022
1,5000,300,1,239,4,2,0,1,0,0.0,1.0,2022
3,8000,1200,2,1655,4,2,1,3,2,1.0,4.0,2022
3,35000,1300,1,1760,4,2,0,2,0,0.0,1.0,2022
1,5500,400,2,1856,4,2,1,1,0,0.0,1.0,2022
3,35000,1320,1,1759,4,2,0,2,0,0.0,2.0,2022
2,11000,1000,2,108,4,0,1,2,2,0.0,1.0,2022
2,10000,700,1,1787,4,2,0,1,2,1.0,2.0,2022
2,6500,800,1,2202,4,2,1,2,2,0.0,2.0,2022
2,6000,900,2,197,4,0,1,1,2,0.0,3.0,2022
3,36125,1700,2,1758,4,2,1,2,2,0.0,2.0,2022
2,6800,600,1,1577,4,2,0,1,2,0.0,2.0,2022
2,8500,850,1,237,4,2,2,2,2,1.0,2.0,2022
2,5000,550,1,312,4,2,0,1,2,1.0,3.0,2022
1,6500,650,1,613,4,0,1,1,2,0.0,2.0,2022
1,6500,800,1,1782,4,2,1,1,2,0.0,1.0,2022
2,4500,475,2,312,4,2,1,1,2,0.0,2.0,2022
1,6000,200,1,1762,4,2,1,1,0,0.0,1.0,2022
1,10000,400,1,1762,4,2,1,1,0,0.0,2.0,2022
1,12000,500,2,1155,4,0,1,1,0,0.0,2.0,2022
2,12000,550,1,1762,4,2,1,1,0,2.0,3.0,2022
2,12000,800,2,522,4,2,1,1,2,1.0,2.0,2022
2,9000,1000,2,52,4,0,1,2,2,2.0,3.0,2022
1,5000,400,1,1887,4,1,0,1,2,0.0,5.0,2022
1,6000,300,1,1528,4,2,1,1,0,1.0,2.0,2022
2,5500,450,1,314,4,2,1,1,2,1.0,1.0,2022
2,5500,450,1,314,4,2,1,1,2,1.0,2.0,2022
2,8500,1100,1,1364,4,2,1,2,2,0.0,1.0,2022
1,5000,450,2,105,4,2,1,1,2,2.0,2.0,2022
2,23000,1100,1,1760,4,2,0,2,2,0.0,2.0,2022
2,5500,650,1,260,4,2,1,1,2,2.0,2.0,2022
2,8500,780,1,51,4,2,0,1,2,0.0,2.0,2022
3,22000,1100,2,1760,4,1,1,2,2,0.0,2.0,2022
1,5500,800,2,239,4,2,1,1,2,2.0,3.0,2022
1,7000,500,2,1662,4,1,1,2,0,0.0,2.0,2022
1,5000,400,1,744,4,2,0,1,2,3.0,5.0,2022
1,5000,450,1,232,4,2,1,1,2,1.0,1.0,2022
2,6500,550,2,900,4,2,1,1,0,0.0,1.0,2022
2,8000,600,1,13,4,2,1,1,2,1.0,2.0,2022
1,5500,200,2,858,4,2,1,1,2,1.0,3.0,2022
2,6000,500,1,1578,4,1,1,1,2,1.0,2.0,2022
1,5500,450,1,894,4,2,0,1,2,0.0,3.0,2022
2,10000,1050,2,199,4,2,1,2,2,0.0,1.0,2022
3,10000,1000,1,231,4,2,0,2,2,2.0,5.0,2022
2,10000,1200,2,1884,4,1,1,2,2,0.0,3.0,2022
3,12000,1100,2,821,4,1,2,2,2,1.0,1.0,2022
1,5200,220,2,1400,4,2,1,1,2,0.0,2.0,2022
1,4000,350,2,260,4,2,1,1,2,1.0,1.0,2022
3,30000,1100,1,572,4,2,0,1,2,0.0,3.0,2022
2,5146,800,2,1884,4,2,1,1,2,0.0,2.0,2022
2,12000,950,2,1797,4,2,1,1,2,0.0,2.0,2022
3,7000,1200,2,744,4,2,1,1,2,0.0,3.0,2022
2,8500,700,2,260,4,1,1,1,2,0.0,2.0,2022
1,7000,500,2,19,4,2,1,1,2,1.0,3.0,2022
2,9500,570,2,484,4,2,1,1,2,0.0,3.0,2022
2,8000,650,2,196,4,2,1,1,2,2.0,3.0,2022
3,15000,1200,2,2009,4,2,1,3,2,1.0,2.0,2022
5,22500,960,2,964,4,2,1,2,2,0.0,1.0,2022
2,12500,1250,2,1631,4,1,1,2,2,1.0,2.0,2022
3,34000,120,2,349,4,0,1,2,2,2.0,5.0,2022
3,14000,950,1,900,4,1,1,2,2,1.0,2.0,2022
1,9500,600,1,1762,4,2,1,1,0,1.0,2.0,2022
2,7000,750,2,251,4,2,1,1,2,2.0,2.0,2022
3,20000,1200,2,231,4,2,1,2,2,3.0,3.0,2022
1,6500,400,1,1762,4,1,1,1,0,0.0,2.0,2022
1,7500,600,1,610,4,0,1,1,2,0.0,2.0,2022
2,6500,700,2,522,4,2,1,1,2,0.0,2.0,2022
2,9500,850,2,197,4,1,1,1,2,0.0,3.0,2022
1,1800,500,2,1855,4,1,1,1,2,0.0,1.0,2022
2,7500,650,1,196,4,2,1,1,2,0.0,2.0,2022
2,10000,800,2,231,4,1,1,2,2,0.0,3.0,2022
3,15000,830,2,522,4,2,1,2,2,3.0,4.0,2022
2,7000,600,2,991,4,2,0,1,0,0.0,2.0,2022
2,6000,800,2,377,4,2,1,1,2,1.0,2.0,2022
2,14000,1200,2,1756,4,1,2,2,2,0.0,1.0,2022
2,22000,1000,2,854,4,0,1,2,2,0.0,2.0,2022
2,18000,750,1,1759,4,2,1,2,0,0.0,2.0,2022
2,10000,800,1,611,4,2,0,2,2,0.0,3.0,2022
2,6000,1200,2,1150,4,2,1,2,2,0.0,3.0,2022
2,10000,750,1,1059,4,2,1,1,2,4.0,4.0,2022
3,10000,1500,2,1780,4,1,1,2,2,11.0,19.0,2022
1,5000,300,2,1415,4,2,1,1,2,1.0,3.0,2022
3,10000,800,1,140,4,2,0,1,2,0.0,2.0,2022
2,7000,450,2,522,4,2,1,2,2,0.0,2.0,2022
4,10000,1200,2,1330,4,0,1,2,2,5.0,10.0,2022
2,6000,500,2,755,4,1,1,2,2,11.0,14.0,2022
2,18000,900,1,611,4,1,1,2,2,0.0,1.0,2022
2,8000,460,1,1179,4,2,0,1,2,0.0,2.0,2022
2,8000,530,2,196,4,1,2,1,2,2.0,3.0,2022
2,13000,650,1,1084,4,1,1,2,2,0.0,4.0,2022
2,20000,700,1,1760,4,1,0,2,2,0.0,1.0,2022
2,6000,400,2,200,4,2,1,1,2,2.0,3.0,2022
2,12000,1000,2,1529,4,2,1,2,2,0.0,2.0,2022
1,10000,400,1,1390,4,1,0,1,2,0.0,2.0,2022
2,14000,700,1,1780,4,2,0,2,2,0.0,3.0,2022
2,10000,850,1,236,4,1,0,2,2,1.0,4.0,2022
2,10500,558,1,2009,4,2,1,2,0,3.0,3.0,2022
2,6000,800,2,1975,4,2,1,1,2,3.0,4.0,2022
2,12000,900,1,232,4,2,1,2,2,1.0,2.0,2022
3,14000,1600,2,1658,4,0,1,2,2,1.0,3.0,2022
1,3700,150,1,1084,4,2,0,1,2,1.0,5.0,2022
3,40000,1600,1,1760,4,2,0,2,0,0.0,3.0,2022
3,25000,1000,2,1664,4,2,1,1,2,2.0,4.0,2022
1,2200,700,2,236,4,2,1,1,2,1.0,3.0,2022
1,3300,175,2,1400,4,2,1,1,2,0.0,2.0,2022
1,5000,450,2,1875,4,1,1,1,2,0.0,1.0,2022
3,60000,1700,1,1758,4,1,0,3,0,1.0,3.0,2022
2,6000,425,1,1406,4,2,1,1,2,2.0,3.0,2022
3,7000,900,2,1260,4,1,1,3,2,1.0,2.0,2022
1,5000,400,1,991,4,2,1,1,0,4.0,4.0,2022
2,11000,600,2,266,4,2,1,1,0,0.0,2.0,2022
2,10000,721,2,264,4,0,1,2,2,3.0,4.0,2022
3,22000,1150,1,1760,4,2,1,2,0,1.0,2.0,2022
3,65000,2210,1,2068,4,2,1,3,2,0.0,2.0,2022
2,7500,675,2,522,4,2,1,1,2,0.0,2.0,2022
2,45000,1320,2,213,4,0,1,2,2,-1.0,2.0,2022
1,5000,250,1,1762,4,2,1,1,0,0.0,2.0,2022
2,12000,720,2,1855,4,2,0,2,2,0.0,1.0,2022
5,25000,1880,1,464,4,2,0,2,2,2.0,2.0,2022
3,18000,850,1,1769,4,1,1,3,2,1.0,1.0,2022
2,25000,1050,1,1736,4,2,1,2,2,1.0,1.0,2022
1,25000,320,2,1819,5,1,1,1,2,2.0,7.0,2022
2,70000,750,1,1777,5,0,1,2,0,4.0,10.0,2022
1,45000,450,1,1703,5,0,1,1,0,7.0,10.0,2022
3,75000,1100,1,1725,5,2,2,3,0,2.0,13.0,2022
1,14000,640,2,1267,5,0,1,1,2,6.0,7.0,2022
1,60000,650,2,1858,5,2,0,1,0,4.0,7.0,2022
2,160000,800,1,2208,5,2,1,2,2,14.0,14.0,2022
4,300000,1600,1,2019,5,1,1,5,0,43.0,78.0,2022
1,22000,460,2,1868,5,2,1,1,2,2.0,8.0,2022
4,130000,1650,1,55,5,1,1,4,0,13.0,18.0,2022
1,33000,480,1,1872,5,1,0,2,0,2.0,4.0,2022
1,32000,500,1,1868,5,0,0,2,0,1.0,4.0,2022
1,30000,490,1,1870,5,1,0,2,0,2.0,4.0,2022
1,49000,620,2,1741,5,0,1,1,2,2.0,3.0,2022
2,28000,518,1,287,5,1,1,2,2,5.0,12.0,2022
2,33500,700,1,2161,5,1,1,2,0,4.0,7.0,2022
2,85000,777,1,730,5,1,1,2,0,18.0,24.0,2022
2,35000,650,1,383,5,2,2,2,0,6.0,7.0,2022
3,270000,1800,1,225,5,1,1,4,0,3.0,7.0,2022
5,400000,2308,1,1710,5,0,2,5,0,17.0,31.0,2022
1,21000,425,1,640,5,2,1,2,0,11.0,21.0,2022
2,150000,890,1,437,5,2,0,2,2,7.0,19.0,2022
1,22000,270,2,1171,5,2,1,1,2,14.0,23.0,2022
2,100000,850,1,1548,5,1,0,2,0,4.0,7.0,2022
2,60000,888,1,1831,5,1,1,2,0,9.0,20.0,2022
2,8000,650,1,1332,5,1,2,2,0,-1.0,9.0,2022
1,20000,275,1,2147,5,2,0,1,0,19.0,24.0,2022
2,20000,700,1,1197,5,1,2,2,0,3.0,21.0,2022
1,25000,375,2,1094,5,2,1,1,2,1.0,22.0,2022
1,14000,424,2,1181,5,1,1,1,2,3.0,7.0,2022
1,19411,400,2,651,5,0,1,2,2,8.0,8.0,2022
1,23000,450,1,487,5,0,1,1,0,6.0,12.0,2022
4,190000,2079,1,320,5,1,1,5,0,4.0,58.0,2022
2,32000,586,2,566,5,1,1,1,2,0.0,4.0,2022
2,68000,610,1,2219,5,0,1,2,2,1.0,5.0,2022
1,30000,488,1,1066,5,1,1,2,2,-1.0,16.0,2022
3,110000,1200,1,1112,5,1,1,3,0,60.0,66.0,2022
2,44000,722,1,1838,5,1,1,2,0,34.0,48.0,2022
1,20000,450,1,645,5,2,1,1,0,5.0,8.0,2022
1,25000,500,2,629,5,1,1,2,2,2.0,8.0,2022
2,40000,680,1,1312,5,0,0,2,0,5.0,14.0,2022
2,43000,1150,1,1279,5,2,1,2,0,14.0,40.0,2022
2,44000,830,1,1783,5,0,0,2,0,2.0,2.0,2022
1,75000,550,1,225,5,0,1,1,0,5.0,7.0,2022
1,32000,470,1,357,5,1,2,2,0,6.0,7.0,2022
1,16000,410,1,1266,5,1,2,2,0,9.0,22.0,2022
2,65000,710,1,55,5,1,1,2,0,11.0,14.0,2022
2,45000,750,1,55,5,1,1,2,0,12.0,18.0,2022
2,57000,800,1,388,5,2,1,2,0,6.0,7.0,2022
1,27000,435,1,579,5,2,1,2,0,3.0,7.0,2022
1,57000,500,1,1122,5,1,1,1,0,26.0,44.0,2022
2,55000,800,1,568,5,0,1,2,0,1.0,8.0,2022
1,40000,540,1,2102,5,1,2,2,0,2.0,4.0,2022
2,95000,1050,1,1123,5,2,1,2,0,25.0,42.0,2022
2,85000,700,1,1122,5,1,1,2,0,25.0,41.0,2022
4,300000,1600,1,2019,5,1,1,4,0,53.0,78.0,2022
2,80000,600,1,334,5,0,1,1,0,2.0,5.0,2022
1,13000,300,2,1182,5,2,1,2,2,0.0,7.0,2022
1,28000,550,1,92,5,2,0,2,2,3.0,4.0,2022
3,89000,932,1,1547,5,1,1,3,0,14.0,20.0,2022
1,28000,450,1,497,5,2,1,2,0,13.0,20.0,2022
2,13000,600,1,1267,5,2,1,2,2,2.0,4.0,2022
1,24000,424,1,1815,5,2,1,2,0,16.0,23.0,2022
2,38000,560,1,114,5,0,0,2,2,0.0,3.0,2022
1,32000,450,1,651,5,2,0,2,0,10.0,18.0,2022
4,350000,3000,1,1127,5,1,1,5,0,39.0,60.0,2022
1,40000,600,1,1130,5,0,2,2,0,3.0,7.0,2022
3,150000,1400,1,2171,5,0,0,3,0,16.0,21.0,2022
2,45000,630,1,949,5,2,0,2,0,10.0,32.0,2022
3,170000,1400,1,1000,5,2,1,3,0,4.0,8.0,2022
1,30000,320,2,2147,5,0,2,1,2,12.0,24.0,2022
2,210000,1000,1,225,5,2,0,2,0,4.0,8.0,2022
3,75000,1150,1,936,5,2,1,3,0,32.0,41.0,2022
2,47000,751,1,920,5,1,2,2,0,3.0,30.0,2022
2,14000,570,1,903,5,0,2,2,0,4.0,7.0,2022
2,55000,696,1,379,5,1,1,2,0,13.0,21.0,2022
4,120000,1600,1,110,5,2,2,4,0,9.0,29.0,2022
3,300000,2500,1,785,5,1,0,3,0,47.0,89.0,2022
3,70000,1150,1,936,5,2,1,3,0,7.0,41.0,2022
3,150000,1500,1,72,5,1,1,4,0,7.0,10.0,2022
3,62000,950,1,281,5,0,1,3,0,6.0,7.0,2022
2,42000,750,1,1593,5,2,0,2,0,11.0,21.0,2022
2,130000,715,1,225,5,0,1,2,0,5.0,10.0,2022
3,170000,1337,1,1426,5,0,1,3,0,28.0,30.0,2022
3,20000,737,1,556,5,1,0,3,0,13.0,15.0,2022
2,41000,750,1,1593,5,2,0,2,0,6.0,21.0,2022
2,65000,760,1,1548,5,1,1,2,0,4.0,7.0,2022
2,50000,750,1,664,5,1,1,2,0,8.0,16.0,2022
2,85000,650,1,334,5,1,0,2,0,2.0,6.0,2022
2,50000,1000,2,628,5,1,1,2,2,4.0,7.0,2022
1,30000,570,1,1063,5,2,1,1,2,0.0,3.0,2022
2,120000,900,1,253,5,1,2,2,0,5.0,19.0,2022
2,60000,760,1,1024,5,2,2,2,0,3.0,11.0,2022
3,110000,1500,1,1121,5,2,1,4,0,17.0,42.0,2022
3,84500,1150,1,389,5,2,2,3,0,10.0,12.0,2022
3,80000,1100,1,681,5,1,2,3,0,8.0,28.0,2022
3,50000,1000,1,713,5,0,1,3,0,9.0,15.0,2022
2,40000,720,1,2217,5,2,0,2,0,14.0,22.0,2022
1,34000,365,1,1181,5,0,2,1,0,18.0,40.0,2022
4,220000,2000,1,869,5,0,1,4,0,9.0,17.0,2022
1,25000,400,1,1265,5,2,1,1,0,2.0,13.0,2022
3,150000,1330,1,1423,5,1,1,4,0,12.0,45.0,2022
3,85000,850,1,1430,5,1,2,3,0,25.0,35.0,2022
4,180000,2000,1,2079,5,0,1,5,0,4.0,14.0,2022
2,40000,700,1,1835,5,1,1,2,0,2.0,6.0,2022
2,50000,900,1,1455,5,1,0,2,0,7.0,15.0,2022
2,38000,650,1,1408,5,0,2,2,0,10.0,16.0,2022
4,310000,2600,1,1130,5,2,2,4,0,-1.0,20.0,2022
2,50000,680,1,388,5,2,1,2,0,5.0,14.0,2022
3,65000,950,1,1999,5,1,1,3,0,-1.0,9.0,2022
4,210000,1783,1,588,5,1,1,3,2,5.0,20.0,2022
3,150000,1330,1,1110,5,2,1,3,0,-1.0,40.0,2022
1,32000,565,2,1082,5,2,1,2,2,1.0,8.0,2022
1,26000,450,1,912,5,2,1,1,0,4.0,8.0,2022
2,60000,710,1,282,5,1,1,2,0,5.0,18.0,2022
3,190000,1514,1,320,5,1,1,4,0,34.0,58.0,2022
3,100000,1080,1,1777,5,2,1,3,0,5.0,8.0,2022
2,35000,700,1,1141,5,2,2,2,0,5.0,8.0,2022
3,68000,890,1,939,5,2,1,2,0,11.0,19.0,2022
3,150000,1250,1,225,5,1,1,3,0,5.0,8.0,2022
1,18000,300,2,2103,5,1,1,1,2,4.0,6.0,2022
2,55000,720,1,490,5,2,1,2,0,5.0,7.0,2022
3,65000,825,1,1130,5,0,2,3,0,20.0,22.0,2022
2,80000,500,1,2102,5,0,1,2,2,1.0,5.0,2022
2,53000,750,1,1083,5,1,1,2,0,12.0,19.0,2022
2,80000,750,1,225,5,1,1,2,0,15.0,18.0,2022
1,18000,360,1,117,5,0,1,1,0,3.0,7.0,2022
4,250000,1545,1,2019,5,1,2,5,0,65.0,78.0,2022
1,17500,400,1,570,5,2,1,1,0,4.0,4.0,2022
3,43000,750,1,1168,5,2,2,2,0,6.0,16.0,2022
1,13500,432,1,727,5,2,2,2,0,5.0,8.0,2022
2,18000,780,1,1198,5,2,2,2,0,17.0,22.0,2022
2,75000,695,1,225,5,1,1,1,0,4.0,7.0,2022
1,18000,375,1,1554,5,2,1,1,0,6.0,24.0,2022
3,160000,1095,1,1125,5,1,1,3,0,40.0,75.0,2022
1,32000,475,1,1853,5,1,2,2,0,4.0,4.0,2022
2,55000,790,1,2090,5,2,1,2,0,9.0,15.0,2022
2,47000,661,1,1712,5,1,1,2,0,19.0,38.0,2022
2,35000,700,1,569,5,1,1,2,0,5.0,7.0,2022
1,15000,420,1,456,5,1,2,1,0,6.0,7.0,2022
2,50000,750,1,439,5,2,1,2,0,5.0,7.0,2022
2,25500,950,2,485,5,1,1,3,2,0.0,4.0,2022
5,350000,1880,1,1710,5,0,2,5,0,15.0,31.0,2022
3,55000,1350,1,554,5,0,1,3,0,11.0,28.0,2022
1,25000,330,2,1248,5,1,2,1,2,4.0,6.0,2022
2,50000,750,1,1729,5,2,1,2,0,8.0,16.0,2022
2,65000,925,1,1138,5,0,1,3,0,10.0,22.0,2022
3,50000,1150,1,270,5,1,2,3,0,17.0,24.0,2022
3,65000,1105,1,723,5,2,1,3,0,15.0,19.0,2022
3,160000,1050,1,999,5,0,0,3,0,9.0,10.0,2022
1,25000,410,1,585,5,1,0,1,0,4.0,8.0,2022
1,32000,460,1,388,5,2,1,2,0,7.0,12.0,2022
1,21000,600,2,1670,5,1,1,1,2,2.0,2.0,2022
1,20000,570,2,1105,5,0,1,2,2,6.0,7.0,2022
2,55000,720,1,389,5,0,1,2,0,8.0,20.0,2022
1,32000,500,1,413,5,1,0,2,2,4.0,4.0,2022
4,150000,1460,1,796,5,1,1,4,0,11.0,13.0,2022
1,30000,415,1,554,5,2,0,2,0,5.0,8.0,2022
3,150000,1400,1,225,5,1,1,3,0,6.0,12.0,2022
1,27000,270,1,1298,5,2,1,1,0,1.0,4.0,2022
2,47000,585,1,646,5,1,1,2,0,7.0,8.0,2022
4,150000,1755,1,553,5,2,2,4,0,9.0,19.0,2022
1,27000,550,1,329,5,0,2,2,2,4.0,7.0,2022
3,160000,1300,1,1124,5,1,1,4,0,37.0,51.0,2022
2,100000,1200,2,1287,5,0,1,2,0,6.0,11.0,2022
2,45002,600,1,1618,5,1,1,2,0,9.0,17.0,2022
2,48000,700,1,1928,5,1,1,2,0,8.0,15.0,2022
1,18000,385,1,608,5,2,1,1,0,11.0,20.0,2022
1,7500,500,1,1935,5,1,0,1,2,2.0,2.0,2022
2,50000,850,1,578,5,1,1,2,0,10.0,23.0,2022
3,55000,900,1,403,5,1,2,2,0,-1.0,10.0,2022
1,26000,400,1,489,5,2,1,1,0,4.0,7.0,2022
2,17000,600,1,440,5,2,0,2,2,7.0,23.0,2022
2,40000,750,1,2062,5,1,2,2,0,5.0,8.0,2022
2,43000,628,1,114,5,2,1,2,0,4.0,11.0,2022
3,140000,1330,1,1111,5,2,0,4,0,17.0,43.0,2022
3,140000,1064,1,1719,5,2,1,3,0,7.0,22.0,2022
3,120000,1200,1,1909,5,0,2,3,0,14.0,18.0,2022
4,400000,2200,1,868,5,0,1,4,0,6.0,10.0,2022
2,21000,630,1,275,5,1,2,2,0,8.0,12.0,2022
2,40000,650,1,1862,5,2,1,2,0,3.0,7.0,2022
2,40000,845,2,2098,5,0,1,2,2,7.0,8.0,2022
3,230000,1915,2,150,5,1,1,3,0,3.0,18.0,2022
2,20000,900,2,1267,5,1,1,2,2,7.0,7.0,2022
2,60000,807,1,164,5,2,0,2,0,14.0,58.0,2022
2,35000,1100,2,1295,5,1,1,2,2,0.0,3.0,2022
3,300000,1600,2,362,5,1,1,5,2,18.0,23.0,2022
2,6500,790,2,469,5,2,1,2,2,3.0,7.0,2022
1,15000,380,1,2225,5,2,1,1,2,19.0,19.0,2022
2,38000,650,1,49,5,2,2,2,0,4.0,10.0,2022
2,35000,800,1,328,5,1,2,2,0,9.0,20.0,2022
2,32000,830,2,287,5,1,1,2,2,13.0,14.0,2022
1,16000,410,1,1196,5,2,0,1,2,0.0,4.0,2022
1,33000,428,1,436,5,1,1,2,0,7.0,11.0,2022
1,8500,550,2,1981,5,1,1,1,2,3.0,5.0,2022
2,60000,630,1,357,5,2,0,2,0,11.0,22.0,2022
1,20000,550,2,1684,5,2,0,2,2,5.0,7.0,2022
1,38000,450,1,872,5,2,1,2,0,4.0,8.0,2022
2,100000,750,1,1120,5,2,1,2,0,-1.0,30.0,2022
2,65000,800,1,888,5,1,1,2,0,12.0,14.0,2022
3,80000,1050,1,682,5,0,2,3,0,16.0,31.0,2022
2,85000,850,1,225,5,0,0,2,0,1.0,8.0,2022
4,600000,2500,1,1285,5,1,1,4,0,12.0,13.0,2022
3,150000,2000,1,1786,5,0,1,3,0,6.0,7.0,2022
3,130000,1330,1,1423,5,1,1,4,0,11.0,51.0,2022
3,55000,950,1,1905,5,2,1,3,0,2.0,12.0,2022
1,23000,435,1,947,5,1,0,2,0,9.0,22.0,2022
3,95000,1300,1,288,5,1,0,4,0,8.0,16.0,2022
2,40000,650,2,115,5,2,1,2,2,0.0,4.0,2022
3,180000,1550,1,1133,5,1,1,3,0,22.0,24.0,2022
1,25000,380,1,798,5,1,1,1,0,3.0,4.0,2022
4,140000,1454,1,358,5,2,1,4,0,7.0,14.0,2022
2,55000,860,1,879,5,1,2,2,0,9.0,20.0,2022
2,46000,680,1,2011,5,1,1,2,0,4.0,7.0,2022
1,22000,433,1,720,5,2,0,2,0,2.0,7.0,2022
2,55100,710,1,1831,5,1,1,2,0,10.0,22.0,2022
2,65000,700,1,1170,5,0,0,2,0,5.0,7.0,2022
1,33000,550,1,1933,5,2,1,1,0,0.0,4.0,2022
4,320000,2700,1,225,5,1,1,5,0,10.0,12.0,2022
1,33000,350,2,115,5,2,1,1,2,0.0,5.0,2022
1,25000,490,2,285,5,1,1,1,2,7.0,8.0,2022
3,300000,1225,1,1286,5,0,1,3,0,5.0,13.0,2022
3,100000,1286,1,1113,5,2,1,5,0,7.0,21.0,2022
1,33000,425,1,428,5,2,1,2,0,5.0,7.0,2022
2,35000,550,1,14,5,1,0,2,0,7.0,7.0,2022
3,130000,1224,1,1298,5,2,2,3,0,14.0,21.0,2022
3,80000,950,1,344,5,2,1,3,0,17.0,25.0,2022
1,10000,425,1,1403,5,1,0,2,2,9.0,14.0,2022
3,92500,1000,1,1715,5,0,1,3,0,6.0,7.0,2022
2,57000,710,1,55,5,1,1,2,0,15.0,18.0,2022
3,170000,1300,1,225,5,1,1,3,0,5.0,8.0,2022
1,29999,433,1,79,5,1,1,2,0,8.0,20.0,2022
2,42000,650,1,1005,5,0,0,2,0,8.0,15.0,2022
3,330000,1650,1,2167,5,0,0,4,0,8.0,27.0,2022
2,24000,600,2,1297,5,1,1,1,2,1.0,5.0,2022
2,35000,850,2,1182,5,1,2,2,2,3.0,6.0,2022
1,14000,305,1,947,5,2,0,1,0,6.0,24.0,2022
2,45000,490,1,598,5,0,1,2,0,2.0,3.0,2022
2,36000,690,1,1297,5,1,0,2,0,4.0,8.0,2022
2,53500,635,1,1327,5,2,1,2,0,17.0,20.0,2022
3,80000,1100,1,1326,5,0,1,2,0,18.0,22.0,2022
1,7500,250,2,406,5,2,1,1,2,1.0,7.0,2022
3,140000,1200,1,2148,5,0,1,3,0,9.0,30.0,2022
2,95000,750,1,1586,5,2,0,2,0,2.0,7.0,2022
3,130000,1100,1,1000,5,0,1,3,0,3.0,8.0,2022
2,45000,700,1,311,5,1,1,2,0,4.0,7.0,2022
2,110000,1150,1,808,5,2,1,2,0,11.0,26.0,2022
3,120000,1379,1,1496,5,2,1,3,0,17.0,27.0,2022
1,60000,500,1,2049,5,0,1,1,0,9.0,10.0,2022
3,120000,1400,2,166,5,2,1,3,0,10.0,32.0,2022
1,40000,390,1,1492,5,2,1,1,0,4.0,12.0,2022
2,50000,935,2,115,5,0,1,2,2,2.0,6.0,2022
2,36000,535,1,629,5,2,1,2,0,12.0,16.0,2022
3,150000,1250,1,225,5,1,1,3,0,6.0,12.0,2022
4,230000,3700,1,1088,5,0,1,4,0,5.0,20.0,2022
1,25000,350,1,1133,5,2,0,2,0,10.0,24.0,2022
3,190000,1350,1,1118,5,1,2,4,0,65.0,76.0,2022
3,61000,1550,1,1132,5,1,1,3,2,5.0,20.0,2022
3,70000,1100,1,1020,5,0,1,3,0,7.0,10.0,2022
3,42000,950,1,1295,5,2,1,3,0,5.0,7.0,2022
1,27000,400,1,655,5,2,1,1,0,1.0,7.0,2022
2,60000,700,1,798,5,0,0,2,0,3.0,4.0,2022
3,85000,850,2,1869,5,0,1,2,2,3.0,4.0,2022
2,75000,900,1,1229,5,0,1,2,0,7.0,9.0,2022
3,200000,1208,1,1000,5,2,0,3,0,5.0,14.0,2022
3,170000,1150,1,225,5,1,1,3,0,8.0,12.0,2022
3,180000,1600,1,803,5,1,1,4,0,17.0,60.0,2022
2,55000,700,1,1841,5,0,1,2,0,10.0,11.0,2022
5,600000,3200,1,224,5,1,1,5,0,10.0,16.0,2022
1,18000,330,2,128,5,2,1,1,2,20.0,22.0,2022
1,19000,225,2,2147,5,2,1,1,2,18.0,25.0,2022
3,150000,1050,1,815,5,0,1,3,0,5.0,7.0,2022
1,18500,225,1,1133,5,1,0,1,0,4.0,7.0,2022
1,35000,463,1,1651,5,0,1,2,0,5.0,7.0,2022
4,200000,1900,1,488,5,0,1,3,0,5.0,11.0,2022
2,150000,1500,2,47,5,0,1,4,2,15.0,17.0,2022
2,70000,1000,1,1086,5,1,1,2,0,15.0,23.0,2022
1,35000,450,1,329,5,1,0,2,0,6.0,10.0,2022
2,45000,700,1,651,5,2,0,2,2,5.0,17.0,2022
1,30000,355,1,389,5,2,1,1,2,2.0,7.0,2022
3,50000,1325,1,366,5,0,1,3,0,3.0,28.0,2022
2,50000,950,2,628,5,0,1,2,2,4.0,8.0,2022
1,42000,600,2,2031,5,1,1,1,2,5.0,24.0,2022
2,19500,905,1,1361,5,1,1,2,2,16.0,32.0,2022
3,90000,1500,1,2136,5,0,1,3,0,6.0,10.0,2022
1,60000,455,1,1918,5,2,1,1,0,18.0,22.0,2022
2,55000,850,1,1171,5,1,0,2,0,3.0,3.0,2022
3,40000,1100,2,765,5,2,2,2,2,21.0,22.0,2022
1,40000,430,1,1870,5,2,1,2,0,4.0,8.0,2022
2,36000,650,1,990,5,1,1,2,0,10.0,12.0,2022
2,45000,795,1,1711,5,2,1,2,0,7.0,13.0,2022
2,100000,800,1,225,5,0,1,2,0,9.0,12.0,2022
1,42000,700,2,1109,5,0,1,1,0,15.0,32.0,2022
1,45000,450,1,1130,5,0,2,2,0,5.0,7.0,2022
2,40000,575,1,1930,5,1,1,2,0,4.0,7.0,2022
2,50000,650,1,1171,5,0,0,3,0,0.0,3.0,2022
1,11000,200,2,1495,5,0,1,1,2,4.0,4.0,2022
2,50000,1200,2,114,5,1,1,2,2,2.0,4.0,2022
1,34000,656,2,388,5,2,1,2,2,16.0,23.0,2022
3,93000,1600,1,635,5,1,2,3,0,18.0,27.0,2022
3,69999,950,1,389,5,2,2,3,0,7.0,12.0,2022
2,48000,719,1,1613,5,1,2,2,0,14.0,20.0,2022
3,55000,1100,1,1752,5,2,0,3,0,15.0,16.0,2022
4,1000000,3064,1,1611,5,1,2,4,0,18.0,45.0,2022
2,40000,650,1,1718,5,1,1,2,0,15.0,15.0,2022
3,130000,1450,1,1776,5,1,1,5,0,9.0,10.0,2022
2,75000,720,1,2093,5,1,1,2,0,6.0,14.0,2022
2,23000,670,2,287,5,1,1,2,2,1.0,20.0,2022
3,200000,1350,1,2164,5,0,0,3,0,1.0,5.0,2022
3,55000,925,1,1713,5,2,0,2,0,16.0,36.0,2022
4,80000,1450,1,273,5,2,1,4,0,30.0,44.0,2022
3,220000,1550,1,733,5,0,1,3,0,30.0,37.0,2022
1,40000,420,1,388,5,1,2,2,0,5.0,7.0,2022
2,35000,650,1,1677,5,2,1,2,0,5.0,8.0,2022
2,33003,700,1,457,5,0,2,2,0,3.0,7.0,2022
5,450000,3400,1,225,5,1,1,5,0,2.0,5.0,2022
2,65000,935,2,2189,5,1,1,2,2,2.0,4.0,2022
2,45000,980,1,37,5,1,1,2,2,0.0,5.0,2022
4,280000,2800,1,815,5,0,2,4,0,2.0,9.0,2022
2,55000,700,1,115,5,0,0,3,0,4.0,6.0,2022
2,56000,720,1,1831,5,1,1,2,0,12.0,22.0,2022
2,55000,750,1,1776,5,1,0,2,0,1.0,7.0,2022
2,28000,700,1,2036,5,0,1,2,0,4.0,12.0,2022
2,150000,1000,1,1883,5,1,1,3,0,4.0,9.0,2022
5,300000,3000,1,379,5,0,1,5,0,2.0,22.0,2022
1,50000,413,1,658,5,0,1,1,2,5.0,6.0,2022
4,180000,1755,1,639,5,1,2,4,0,6.0,18.0,2022
3,190000,1850,1,434,5,1,0,4,0,35.0,55.0,2022
2,8000,890,1,2205,5,2,1,2,2,4.0,4.0,2022
3,75000,1200,1,388,5,1,1,3,0,5.0,12.0,2022
3,83000,1100,1,1618,5,0,0,3,0,9.0,20.0,2022
1,32000,420,1,388,5,1,2,2,0,1.0,3.0,2022
2,39000,630,1,2152,5,2,2,2,0,6.0,7.0,2022
4,150000,1705,1,33,5,1,2,3,0,16.0,29.0,2022
3,190000,1300,1,1929,5,0,0,3,0,1.0,7.0,2022
3,160000,1355,1,1424,5,0,1,3,0,30.0,45.0,2022
1,25000,450,1,651,5,1,0,2,0,5.0,7.0,2022
3,90000,1350,1,1173,5,2,2,3,0,5.0,12.0,2022
2,95000,825,1,2203,5,0,0,2,0,17.0,22.0,2022
1,30000,550,2,871,5,1,1,1,2,2.0,4.0,2022
1,18500,430,1,642,5,2,2,1,0,5.0,7.0,2022
1,18000,320,1,2224,5,0,1,1,0,5.0,7.0,2022
3,75000,1100,1,388,5,1,1,3,0,4.0,12.0,2022
4,150000,1460,1,796,5,1,1,4,0,11.0,13.0,2022
3,100000,1250,1,1480,5,0,1,3,0,6.0,18.0,2022
2,170000,1000,1,334,5,0,1,3,0,5.0,9.0,2022
2,45000,710,1,1753,5,2,1,2,0,8.0,16.0,2022
3,200000,1350,1,104,5,0,0,3,0,1.0,5.0,2022
2,20000,400,1,1489,5,0,1,1,2,3.0,3.0,2022
3,85000,1000,1,450,5,1,1,4,0,16.0,25.0,2022
3,130000,1500,1,358,5,2,2,3,0,7.0,12.0,2022
1,40000,500,2,11,5,1,1,1,0,3.0,6.0,2022
4,250000,2000,1,783,5,0,0,4,0,33.0,42.0,2022
1,15000,225,1,1854,5,2,0,1,2,0.0,4.0,2022
2,40000,650,1,1297,5,0,1,2,0,12.0,19.0,2022
2,48000,670,1,2072,5,1,2,2,2,4.0,16.0,2022
2,15000,610,1,1592,5,1,0,1,2,0.0,6.0,2022
1,28000,400,1,364,5,0,1,2,0,1.0,5.0,2022
1,25000,340,1,1161,5,2,1,1,0,13.0,23.0,2022
2,34000,471,1,1712,5,1,0,2,0,9.0,38.0,2022
1,75000,550,1,355,5,0,1,2,0,6.0,8.0,2022
2,45000,630,1,436,5,1,1,1,0,8.0,13.0,2022
1,35000,500,2,629,5,1,1,2,2,1.0,8.0,2022
1,32000,400,1,2011,5,0,1,1,0,3.0,7.0,2022
2,17000,1000,2,2177,5,2,1,2,2,3.0,7.0,2022
4,230000,1528,1,1118,5,2,2,4,0,65.0,76.0,2022
2,35000,650,1,1974,5,1,1,2,0,5.0,7.0,2022
1,8500,500,1,1981,5,2,0,1,2,6.0,7.0,2022
3,80000,850,1,1427,5,1,1,2,0,19.0,30.0,2022
1,55000,550,1,1500,5,1,0,1,0,13.0,14.0,2022
1,25000,430,1,640,5,2,2,2,0,7.0,21.0,2022
3,40000,1030,1,279,5,0,2,3,0,10.0,14.0,2022
1,15500,250,1,1137,5,2,1,1,0,11.0,24.0,2022
1,45000,500,1,1170,5,2,0,2,0,9.0,16.0,2022
4,180000,1750,1,115,5,1,0,4,0,9.0,31.0,2022
2,51000,985,1,390,5,2,1,2,0,7.0,15.0,2022
3,60000,1050,1,2069,5,2,0,3,0,12.0,13.0,2022
2,36000,700,1,328,5,2,1,2,0,4.0,15.0,2022
3,180000,1200,1,225,5,1,1,3,0,10.0,12.0,2022
3,75000,1000,1,388,5,0,1,3,0,6.0,12.0,2022
2,8000,550,1,1332,5,2,2,2,0,3.0,9.0,2022
3,50000,806,2,2133,5,1,1,2,2,2.0,4.0,2022
3,100000,1400,1,736,5,0,1,3,0,22.0,30.0,2022
1,16500,470,1,952,5,1,2,2,0,11.0,14.0,2022
1,4500,475,2,1336,5,2,1,1,2,3.0,4.0,2022
2,34000,583,1,1421,5,2,2,2,0,10.0,23.0,2022
2,32000,475,1,651,5,2,0,2,0,8.0,12.0,2022
2,50000,900,1,2151,5,0,2,2,0,1.0,8.0,2022
1,24000,500,1,467,5,1,1,1,2,3.0,7.0,2022
2,62000,806,1,164,5,2,1,3,0,3.0,58.0,2022
1,100000,400,1,2113,5,0,1,1,0,9.0,10.0,2022
1,21000,650,2,287,5,1,1,2,2,6.0,10.0,2022
1,27000,550,2,1622,5,1,1,2,2,4.0,15.0,2022
1,10000,390,1,1268,5,2,1,1,0,3.0,4.0,2022
2,90000,994,1,56,5,1,1,2,0,2.0,2.0,2022
1,8000,520,2,2116,5,1,1,2,2,6.0,8.0,2022
1,75000,575,1,1180,5,1,2,1,0,1.0,9.0,2022
3,230000,2750,1,1127,5,2,1,3,0,53.0,60.0,2022
1,15000,470,1,1199,5,1,2,2,0,5.0,22.0,2022
4,260000,2500,1,1000,5,1,1,4,0,3.0,7.0,2022
3,62000,1100,1,1085,5,1,2,3,0,15.0,22.0,2022
1,43500,480,1,2150,5,0,1,2,0,6.0,7.0,2022
2,62000,750,1,432,5,2,1,2,0,12.0,16.0,2022
4,400000,2424,1,1717,5,1,1,5,0,5.0,14.0,2022
2,77500,724,1,1814,5,1,0,2,0,19.0,21.0,2022
1,30000,600,1,1296,5,0,1,1,2,5.0,5.0,2022
3,110000,1076,1,1123,5,1,1,2,0,9.0,40.0,2022
1,20000,800,2,2184,5,2,1,2,2,3.0,4.0,2022
3,150000,1300,1,1816,5,1,1,3,0,6.0,7.0,2022
1,55000,500,1,225,5,2,1,2,0,1.0,7.0,2022
2,70000,700,1,1777,5,1,0,2,0,0.0,8.0,2022
2,65000,700,1,930,5,0,0,2,0,4.0,9.0,2022
3,310000,2170,1,1443,5,1,1,4,0,44.0,75.0,2022
1,18000,225,1,2147,5,2,0,2,0,18.0,24.0,2022
1,48000,485,1,941,5,0,1,2,0,8.0,17.0,2022
1,10000,225,2,948,5,2,1,1,2,7.0,8.0,2022
1,32000,478,1,315,5,1,1,2,0,4.0,11.0,2022
3,32000,1200,2,801,5,1,1,3,2,4.0,5.0,2022
2,36000,620,1,466,5,1,2,2,0,3.0,14.0,2022
1,22000,280,1,1941,5,2,1,1,0,3.0,7.0,2022
1,5500,385,1,1211,5,2,2,1,0,3.0,9.0,2022
3,15000,704,1,1981,5,2,1,2,2,5.0,17.0,2022
2,40000,710,1,131,5,2,1,2,2,3.0,4.0,2022
1,28000,525,2,211,5,2,1,1,2,2.0,8.0,2022
1,11000,390,1,1268,5,1,1,1,0,0.0,4.0,2022
2,40000,755,1,1446,5,1,0,2,0,12.0,31.0,2022
2,45000,700,1,1455,5,2,1,2,0,3.0,7.0,2022
2,180000,1000,1,225,5,1,0,3,0,6.0,10.0,2022
3,160000,2000,1,582,5,0,2,3,0,-1.0,30.0,2022
2,36000,650,1,1966,5,2,2,2,0,3.0,4.0,2022
1,59000,470,1,1121,5,1,0,1,0,26.0,42.0,2022
1,40000,450,1,1949,5,1,1,2,0,3.0,8.0,2022
2,40000,625,2,651,5,1,1,2,2,6.0,10.0,2022
2,72000,700,1,674,5,0,0,2,0,3.0,9.0,2022
2,40000,600,1,1265,5,2,2,2,0,4.0,10.0,2022
2,16000,600,1,1376,5,2,2,1,2,2.0,3.0,2022
2,50000,1100,2,1158,5,0,1,4,0,14.0,22.0,2022
1,24000,370,1,940,5,1,2,1,0,5.0,8.0,2022
2,65000,950,1,441,5,1,1,2,0,2.0,45.0,2022
2,33000,825,2,1295,5,2,1,2,2,12.0,13.0,2022
2,27000,650,1,947,5,2,0,2,0,2.0,7.0,2022
2,52000,750,1,1455,5,1,1,2,0,2.0,9.0,2022
3,95000,900,1,514,5,1,2,3,0,4.0,9.0,2022
2,68000,805,1,162,5,1,1,3,0,12.0,68.0,2022
2,48000,742,1,1712,5,2,2,2,0,17.0,36.0,2022
2,32000,550,1,1843,5,1,1,2,0,4.0,7.0,2022
2,42000,745,1,61,5,1,1,2,0,10.0,11.0,2022
2,60000,800,1,986,5,0,2,2,0,2.0,7.0,2022
3,51500,1265,1,93,5,2,2,3,0,10.0,28.0,2022
3,130000,1800,2,1130,5,2,1,3,0,10.0,16.0,2022
1,25000,325,1,1161,5,0,1,1,0,17.0,24.0,2022
2,85000,902,1,1116,5,1,1,2,0,41.0,41.0,2022
3,98000,1233,1,162,5,1,1,4,0,14.0,68.0,2022
2,100000,750,2,1514,5,0,1,2,2,0.0,6.0,2022
2,65000,600,1,1531,5,2,0,2,0,14.0,17.0,2022
1,23000,500,2,388,5,2,1,1,0,3.0,9.0,2022
2,40000,600,1,1999,5,2,1,2,0,15.0,20.0,2022
3,45000,950,1,777,5,2,1,3,0,15.0,17.0,2022
1,40000,680,2,212,5,0,1,4,0,5.0,7.0,2022
1,23500,400,1,1262,5,2,1,1,0,1.0,7.0,2022
4,250000,2120,1,1119,5,0,1,5,0,46.0,76.0,2022
3,110000,1350,1,160,5,1,0,4,0,12.0,20.0,2022
3,150000,1600,1,815,5,1,1,3,0,6.0,7.0,2022
1,22000,430,1,1972,5,2,2,1,0,4.0,6.0,2022
4,150000,1937,1,1621,5,1,1,5,0,20.0,30.0,2022
2,75000,700,1,1777,5,1,0,3,0,4.0,7.0,2022
2,41000,780,1,1408,5,2,1,2,0,14.0,18.0,2022
4,150000,1300,1,887,5,1,1,4,0,5.0,13.0,2022
3,150000,1350,1,2012,5,1,1,3,0,18.0,32.0,2022
2,53000,750,1,388,5,0,1,2,0,5.0,18.0,2022
4,140000,1400,1,33,5,1,1,3,0,10.0,25.0,2022
4,200000,2000,1,1620,5,0,1,5,0,17.0,29.0,2022
2,65000,850,1,2120,5,0,1,2,0,10.0,31.0,2022
1,48000,500,1,674,5,0,0,1,0,4.0,9.0,2022
2,75000,900,2,11,5,2,1,2,0,10.0,15.0,2022
2,39000,750,1,1954,5,1,2,2,0,1.0,3.0,2022
3,70000,1100,1,379,5,1,1,2,0,18.0,22.0,2022
4,1200000,5000,1,868,5,1,1,4,0,4.0,15.0,2022
1,25000,596,2,947,5,1,1,1,2,1.0,7.0,2022
2,45000,680,1,451,5,2,0,2,0,3.0,4.0,2022
4,190000,1950,1,637,5,2,1,4,0,11.0,21.0,2022
3,140000,1350,1,2012,5,1,1,3,0,18.0,32.0,2022
1,35000,510,1,365,5,1,1,1,2,3.0,4.0,2022
1,60000,500,1,662,5,0,1,1,0,5.0,7.0,2022
1,15000,375,2,948,5,2,1,1,2,13.0,16.0,2022
1,39000,500,1,1271,5,0,2,1,0,2.0,7.0,2022
3,190000,1500,1,225,5,1,1,3,0,8.0,10.0,2022
3,84000,1000,1,1087,5,0,1,3,0,18.0,21.0,2022
3,68000,1260,1,76,5,2,2,3,0,27.0,58.0,2022
1,26000,475,1,520,5,2,1,2,0,8.0,20.0,2022
2,42000,620,1,1312,5,1,2,2,0,6.0,11.0,2022
1,35000,490,1,1293,5,0,1,1,0,1.0,6.0,2022
2,44000,710,1,55,5,1,1,2,0,13.0,18.0,2022
2,60000,720,1,1862,5,2,1,2,0,4.0,7.0,2022
2,45000,770,1,651,5,1,0,2,0,2.0,12.0,2022
3,250000,1600,2,362,5,1,1,3,0,19.0,25.0,2022
1,65000,500,1,225,5,0,1,1,0,0.0,5.0,2022
1,20000,350,2,1492,5,2,1,1,2,1.0,8.0,2022
2,75000,1000,2,11,5,1,1,2,0,3.0,15.0,2022
5,500000,3900,1,77,5,0,1,5,0,4.0,6.0,2022
3,140000,1000,1,868,5,1,2,3,0,3.0,7.0,2022
2,45000,660,1,2134,5,1,0,2,0,25.0,43.0,2022
1,9400,600,2,296,5,1,1,1,2,4.0,6.0,2022
2,100000,900,1,1777,5,0,1,2,0,2.0,12.0,2022
2,65000,750,1,606,5,0,1,2,0,2.0,3.0,2022
2,230000,1000,1,225,5,0,1,2,0,2.0,7.0,2022
3,180000,1500,1,225,5,1,0,3,0,7.0,12.0,2022
2,180000,1200,1,1000,5,0,1,3,0,7.0,12.0,2022
3,120000,1200,1,1000,5,0,1,3,0,10.0,14.0,2022
1,20000,280,1,360,5,1,1,1,0,11.0,24.0,2022
2,130000,1000,1,1000,5,0,0,2,0,10.0,12.0,2022
3,400000,1800,1,1471,5,1,0,4,0,7.0,14.0,2022
2,75000,694,1,225,5,1,1,2,0,1.0,7.0,2022
5,350000,3250,1,476,5,2,2,5,0,12.0,18.0,2022
3,100000,1740,2,1547,5,0,1,4,2,21.0,22.0,2022
2,55000,750,1,388,5,0,1,2,0,8.0,14.0,2022
3,70000,1000,1,1326,5,1,1,3,0,12.0,20.0,2022
1,30000,500,2,1868,5,0,1,1,2,3.0,4.0,2022
4,330000,2000,1,1256,5,1,0,5,0,11.0,12.0,2022
1,75000,550,1,225,5,0,1,2,0,7.0,10.0,2022
1,14000,270,1,1535,5,2,0,1,2,6.0,7.0,2022
3,130000,960,1,12,5,1,2,3,0,9.0,21.0,2022
3,40000,1200,2,947,5,1,2,2,2,2.0,4.0,2022
2,46000,710,1,55,5,2,1,2,0,15.0,18.0,2022
1,27000,472,1,1225,5,1,0,2,2,13.0,14.0,2022
2,95000,1000,1,225,5,1,1,2,0,10.0,13.0,2022
2,94000,800,1,935,5,1,2,2,0,14.0,18.0,2022
2,40000,650,1,617,5,2,0,2,0,7.0,11.0,2022
3,150000,1300,1,1816,5,1,1,3,0,6.0,7.0,2022
2,30000,600,1,643,5,2,1,2,0,2.0,5.0,2022
2,95000,750,1,1448,5,0,0,2,0,7.0,10.0,2022
2,130000,890,1,1125,5,1,2,2,0,45.0,77.0,2022
1,14000,421,1,328,5,2,1,1,0,3.0,4.0,2022
3,100000,1300,1,1069,5,1,2,3,0,12.0,24.0,2022
1,35000,350,2,455,5,2,1,1,2,2.0,3.0,2022
2,57000,800,1,1326,5,1,1,2,0,5.0,20.0,2022
2,45000,650,1,1776,5,1,1,2,2,5.0,6.0,2022
1,11000,650,2,1267,5,0,1,2,2,18.0,19.0,2022
2,50000,650,1,1838,5,1,1,2,0,10.0,20.0,2022
2,35000,680,1,1493,5,2,1,2,0,12.0,20.0,2022
2,100000,800,1,225,5,0,1,2,0,1.0,5.0,2022
3,130000,1250,1,32,5,1,2,3,0,12.0,29.0,2022
1,52000,475,1,1846,5,2,1,1,0,10.0,18.0,2022
2,28000,600,1,643,5,2,1,2,0,1.0,5.0,2022
1,18000,450,2,1374,5,2,1,1,2,2.0,4.0,2022
1,30000,400,2,294,5,2,0,1,2,3.0,6.0,2022
3,45000,985,1,622,5,2,2,3,0,-1.0,18.0,2022
3,130000,1450,1,1846,5,2,0,3,0,3.0,7.0,2022
2,58000,650,1,1069,5,1,2,2,0,15.0,24.0,2022
2,65000,805,1,162,5,1,1,3,0,48.0,68.0,2022
1,24000,650,2,1181,5,1,1,1,2,3.0,4.0,2022
1,54500,515,1,1123,5,2,1,1,0,12.0,42.0,2022
3,70000,1000,1,379,5,1,1,2,0,15.0,20.0,2022
3,67000,1050,1,388,5,1,2,3,0,6.0,8.0,2022
2,75000,777,1,730,5,0,1,2,0,17.0,22.0,2022
2,45000,831,1,973,5,2,2,2,0,16.0,22.0,2022
3,98000,1233,1,162,5,1,1,4,0,35.0,68.0,2022
1,16000,250,1,383,5,2,1,1,2,4.0,10.0,2022
2,95000,900,1,1429,5,1,0,2,0,18.0,30.0,2022
2,40000,753,1,1445,5,2,1,2,0,11.0,31.0,2022
3,300000,1800,1,225,5,0,0,3,0,8.0,12.0,2022
2,80000,670,1,1239,5,2,0,2,0,5.0,17.0,2022
4,380000,2800,1,1443,5,1,1,4,0,50.0,75.0,2022
3,160000,1197,1,137,5,1,1,3,0,18.0,26.0,2022
2,44000,880,1,2207,5,2,0,2,2,12.0,27.0,2022
2,200000,1000,1,2029,5,0,1,2,0,7.0,8.0,2022
2,65000,935,2,115,5,1,1,2,2,2.0,7.0,2022
2,50000,751,1,1623,5,1,1,2,0,16.0,20.0,2022
1,6000,200,2,1886,5,2,1,1,2,0.0,5.0,2022
4,280000,2500,1,802,5,1,1,6,0,24.0,55.0,2022
1,46000,500,1,1927,5,0,2,1,0,6.0,8.0,2022
1,35000,430,1,429,5,0,1,1,0,15.0,23.0,2022
3,75000,1088,1,1932,5,1,1,3,0,16.0,37.0,2022
1,20000,330,1,115,5,1,1,1,2,4.0,8.0,2022
1,25000,400,1,2218,5,2,1,1,2,-1.0,7.0,2022
3,110000,1200,1,1763,5,0,1,3,0,6.0,15.0,2022
2,29500,700,1,329,5,2,1,2,0,2.0,7.0,2022
3,53000,1000,1,1172,5,1,1,2,0,16.0,32.0,2022
2,85000,750,1,728,5,1,1,2,0,11.0,27.0,2022
1,26000,450,1,651,5,2,0,2,0,6.0,10.0,2022
1,33000,640,2,287,5,0,1,2,2,11.0,23.0,2022
3,180000,1190,1,1067,5,1,1,3,0,5.0,12.0,2022
3,70000,850,2,388,5,2,0,3,0,5.0,8.0,2022
1,17000,330,1,839,5,1,1,1,0,0.0,7.0,2022
2,37000,685,1,1297,5,1,0,2,0,10.0,18.0,2022
1,27000,400,1,651,5,2,0,2,0,6.0,10.0,2022
1,35500,500,1,1242,5,0,1,2,0,8.0,13.0,2022
1,24000,550,1,1297,5,2,0,1,0,2.0,4.0,2022
4,250000,2500,1,868,5,2,1,4,0,2.0,8.0,2022
3,180000,1100,1,815,5,0,2,3,0,6.0,15.0,2022
2,18500,650,1,1943,5,2,2,2,0,3.0,12.0,2022
3,200000,1400,1,721,5,0,1,3,0,8.0,17.0,2022
2,70000,1050,1,636,5,0,1,2,0,14.0,15.0,2022
3,55000,850,1,651,5,2,0,3,0,6.0,7.0,2022
1,24000,550,1,629,5,2,0,1,0,0.0,4.0,2022
2,55000,750,1,379,5,0,1,2,0,5.0,8.0,2022
3,150000,1350,1,918,5,1,1,3,0,23.0,25.0,2022
2,50000,800,1,1776,5,1,1,2,0,5.0,8.0,2022
4,300000,2650,1,1114,5,1,1,3,0,14.0,48.0,2022
3,90100,975,1,650,5,1,1,2,0,29.0,35.0,2022
3,57000,1325,1,1612,5,0,1,4,0,15.0,36.0,2022
2,40000,700,2,115,5,1,1,2,2,3.0,6.0,2022
2,80000,700,1,726,5,0,2,2,0,3.0,8.0,2022
2,95000,850,1,1547,5,1,1,2,0,15.0,25.0,2022
1,14000,305,1,555,5,2,0,1,0,10.0,24.0,2022
2,50000,850,1,521,5,2,1,2,0,8.0,10.0,2022
2,43000,724,1,61,5,2,1,2,0,6.0,11.0,2022
2,55000,650,1,115,5,0,0,2,0,8.0,16.0,2022
2,35000,650,1,1328,5,2,2,2,0,5.0,7.0,2022
2,33000,700,1,28,5,2,0,2,0,15.0,28.0,2022
2,47000,785,1,813,5,0,1,2,0,4.0,7.0,2022
3,75000,1250,1,1091,5,1,2,3,0,15.0,20.0,2022
4,45000,1016,1,1422,5,2,1,3,0,3.0,36.0,2022
1,36000,380,1,1248,5,2,1,2,0,12.0,20.0,2022
1,40000,475,1,1770,5,2,0,1,0,18.0,23.0,2022
1,40000,444,1,1754,5,2,0,2,0,8.0,11.0,2022
2,32000,640,1,589,5,2,1,2,0,6.0,20.0,2022
1,17000,320,1,1263,5,2,1,1,2,23.0,23.0,2022
3,77000,1100,1,161,5,2,1,4,0,16.0,21.0,2022
4,290000,1500,1,267,5,0,1,3,0,5.0,15.0,2022
2,35000,650,1,569,5,1,1,2,0,6.0,8.0,2022
1,40000,508,1,942,5,1,1,2,0,16.0,18.0,2022
4,250000,2500,1,815,5,0,1,4,0,2.0,10.0,2022
2,47000,720,1,388,5,2,0,2,0,-1.0,16.0,2022
2,50000,750,2,439,5,2,1,2,2,0.0,5.0,2022
1,32000,430,1,1871,5,2,2,1,0,2.0,3.0,2022
2,8000,623,1,1852,5,2,2,2,0,6.0,7.0,2022
3,240000,1358,1,1117,5,1,2,4,0,40.0,50.0,2022
3,85000,1000,1,1115,5,1,1,3,0,4.0,11.0,2022
3,65000,1100,1,1803,5,2,0,3,0,25.0,28.0,2022
3,75000,1255,1,281,5,0,1,3,2,12.0,17.0,2022
1,26500,450,1,2064,5,0,2,2,0,5.0,8.0,2022
2,45000,650,1,60,5,0,1,2,0,3.0,7.0,2022
2,95000,955,1,1121,5,1,0,2,0,34.0,40.0,2022
2,38000,700,1,78,5,2,1,2,0,-1.0,22.0,2022
3,260000,1915,2,145,5,1,2,4,0,8.0,23.0,2022
4,300000,2308,1,2145,5,1,1,6,0,9.0,31.0,2022
3,180000,1250,1,557,5,1,2,3,0,11.0,13.0,2022
2,40000,625,1,904,5,1,0,2,0,6.0,14.0,2022
4,300000,2200,1,815,5,0,2,4,0,7.0,8.0,2022
2,85000,870,1,1707,5,0,1,2,0,5.0,21.0,2022
3,110000,1300,1,912,5,1,1,3,0,4.0,12.0,2022
2,40000,750,1,1968,5,2,2,2,0,2.0,8.0,2022
2,45000,750,2,114,5,0,0,2,2,2.0,8.0,2022
2,52000,550,1,912,5,0,1,2,0,3.0,9.0,2022
4,90000,1250,1,115,5,0,2,4,0,2.0,7.0,2022
3,140000,1400,1,797,5,1,2,3,0,11.0,13.0,2022
3,150000,1330,1,1423,5,1,2,4,0,32.0,59.0,2022
3,65000,1000,1,388,5,1,1,3,0,5.0,10.0,2022
2,50000,770,1,1917,5,2,1,2,0,4.0,14.0,2022
2,54000,800,1,1840,5,2,2,2,0,3.0,7.0,2022
4,180000,1691,1,1425,5,1,1,6,0,20.0,32.0,2022
1,60000,550,1,1380,5,0,0,2,0,12.0,20.0,2022
2,65000,800,1,115,5,2,2,2,0,10.0,14.0,2022
2,35000,615,1,155,5,2,2,2,0,6.0,14.0,2022
2,43000,663,1,2135,5,2,1,2,0,25.0,43.0,2022
1,20000,400,1,284,5,1,1,1,2,3.0,4.0,2022
2,57000,625,1,1479,5,0,0,2,0,9.0,18.0,2022
4,130000,1432,1,1724,5,2,1,3,0,12.0,20.0,2022
1,25000,425,1,1297,5,2,0,1,0,3.0,5.0,2022
2,56000,649,1,1567,5,1,0,2,0,5.0,22.0,2022
2,55000,905,1,1932,5,2,0,2,0,10.0,37.0,2022
2,18000,882,2,440,5,2,0,2,2,10.0,22.0,2022
3,100000,1200,1,1763,5,0,1,3,0,4.0,15.0,2022
2,76000,736,1,1716,5,2,2,2,0,16.0,36.0,2022
3,270000,1710,1,1114,5,0,1,3,0,25.0,48.0,2022
1,45000,225,1,2221,5,2,0,1,2,3.0,6.0,2022
2,39000,720,1,78,5,2,1,2,0,-1.0,22.0,2022
1,12500,555,2,763,5,2,0,1,2,6.0,7.0,2022
1,35000,415,2,114,5,2,1,1,2,2.0,7.0,2022
2,55000,649,1,1567,5,1,0,2,0,4.0,22.0,2022
3,90000,1000,1,2103,5,0,0,2,0,3.0,3.0,2022
2,250000,1300,1,1000,5,0,1,2,0,-1.0,10.0,2022
2,25000,1065,2,616,5,0,1,2,2,15.0,15.0,2022
2,90000,854,1,937,5,1,1,2,0,15.0,20.0,2022
3,120000,1200,1,1763,5,0,1,3,0,5.0,14.0,2022
1,55000,500,1,731,5,2,0,1,0,8.0,18.0,2022
3,70000,906,1,1773,5,1,1,3,0,7.0,10.0,2022
3,300000,1800,1,225,5,0,1,4,0,11.0,11.0,2022
2,25000,500,1,1387,5,0,1,1,2,1.0,3.0,2022
1,35000,450,2,651,5,2,1,1,2,2.0,7.0,2022
3,120000,1130,1,225,5,1,1,3,0,3.0,7.0,2022
1,27000,495,2,114,5,0,1,2,2,5.0,7.0,2022
1,25000,407,2,480,5,2,1,2,2,5.0,23.0,2022
3,150000,1092,1,1125,5,1,2,3,0,60.0,77.0,2022
2,32000,610,1,1987,5,2,2,2,0,11.0,18.0,2022
1,40000,500,2,1203,5,0,1,2,2,13.0,14.0,2022
2,52000,750,1,2230,5,2,1,2,0,4.0,20.0,2022
2,80000,750,1,2203,5,0,0,2,0,6.0,16.0,2022
2,55000,850,1,39,5,0,1,2,0,6.0,10.0,2022
1,30000,350,1,1548,5,2,1,1,0,5.0,16.0,2022
1,20000,300,1,1927,5,1,1,1,0,2.0,12.0,2022
1,85000,695,1,2029,5,0,1,2,0,2.0,7.0,2022
1,40000,415,1,938,5,1,1,2,0,15.0,22.0,2022
1,21000,450,1,286,5,2,0,2,0,3.0,13.0,2022
3,43000,850,1,154,5,2,2,3,0,8.0,14.0,2022
2,58000,805,1,163,5,1,1,3,0,30.0,58.0,2022
2,130000,700,1,225,5,0,1,2,0,7.0,10.0,2022
3,260000,1800,1,815,5,0,2,4,0,10.0,11.0,2022
2,46000,669,1,2020,5,2,0,2,0,15.0,43.0,2022
1,6500,325,1,2028,5,2,2,1,0,7.0,16.0,2022
1,21000,600,2,1835,5,0,1,1,2,5.0,6.0,2022
2,46000,725,1,388,5,2,1,2,0,-1.0,16.0,2022
2,60000,750,1,665,5,1,1,2,0,5.0,9.0,2022
3,65000,1050,1,722,5,1,0,3,0,13.0,21.0,2022
2,15000,600,1,1839,5,2,1,2,2,18.0,28.0,2022
2,130000,1000,1,225,5,1,1,2,0,10.0,13.0,2022
3,90000,1110,1,1444,5,0,1,3,0,9.0,55.0,2022
2,62000,650,1,816,5,2,2,2,0,11.0,25.0,2022
3,160000,1100,1,1777,5,1,1,3,0,8.0,10.0,2022
3,80000,1100,1,634,5,2,1,3,0,15.0,28.0,2022
3,80000,1110,1,1444,5,1,1,3,0,49.0,55.0,2022
3,55000,999,1,1453,5,1,2,2,0,14.0,23.0,2022
3,100000,1000,1,1777,5,0,1,3,0,2.0,4.0,2022
4,200000,2200,1,1816,5,1,1,5,0,11.0,20.0,2022
3,100000,1256,1,1799,5,0,2,3,0,10.0,22.0,2022
2,79500,750,1,729,5,1,2,2,0,17.0,20.0,2022
3,84500,889,1,1428,5,1,1,2,0,7.0,27.0,2022
2,100000,750,1,728,5,1,1,2,0,14.0,27.0,2022
1,13000,385,1,50,5,2,2,1,0,6.0,20.0,2022
4,100000,1454,1,2173,5,2,1,4,0,5.0,7.0,2022
1,35000,480,1,1816,5,1,2,2,0,1.0,7.0,2022
2,72000,660,1,729,5,1,1,2,0,12.0,22.0,2022
3,180000,1600,1,225,5,0,1,3,0,9.0,16.0,2022
1,26000,434,1,1765,5,1,1,2,0,5.0,22.0,2022
3,72000,1121,1,695,5,2,1,3,0,7.0,14.0,2022
1,8000,620,2,2115,5,1,1,2,2,6.0,8.0,2022
3,130000,937,1,1710,5,0,2,2,0,16.0,27.0,2022
1,52000,470,1,639,5,1,1,2,0,6.0,7.0,2022
1,13000,410,1,1268,5,2,2,1,0,2.0,7.0,2022
3,45000,850,1,1297,5,2,2,3,0,5.0,7.0,2022
3,180000,1500,1,1581,5,0,1,4,0,15.0,20.0,2022
2,63000,888,1,1831,5,0,1,2,0,12.0,20.0,2022
1,7500,380,1,2228,5,2,0,2,2,3.0,7.0,2022
1,30000,360,1,129,5,2,1,1,0,4.0,20.0,2022
1,28500,565,2,946,5,0,1,2,2,1.0,8.0,2022
3,100000,2000,2,164,5,1,1,4,0,25.0,50.0,2022
4,270000,1358,1,1117,5,1,2,4,0,25.0,50.0,2022
2,38000,661,1,1712,5,1,1,2,0,17.0,36.0,2022
1,26000,450,1,1666,5,2,2,2,0,9.0,20.0,2022
3,70000,1300,1,651,5,2,0,3,0,6.0,30.0,2022
2,41000,600,1,2063,5,0,2,2,0,4.0,8.0,2022
2,27000,900,2,1163,5,1,1,3,2,0.0,4.0,2022
1,53000,379,1,735,5,1,0,1,0,21.0,23.0,2022
2,65000,805,1,162,5,1,2,3,0,8.0,58.0,2022
1,85000,650,2,1180,5,0,1,2,2,3.0,8.0,2022
1,6000,500,2,1329,5,1,1,2,2,8.0,10.0,2022
1,43000,480,1,1816,5,0,2,2,0,5.0,7.0,2022
2,65000,550,2,516,5,1,1,2,2,1.0,7.0,2022
3,280000,1600,1,225,5,0,1,3,0,5.0,12.0,2022
3,98000,1400,1,764,5,1,2,2,0,4.0,15.0,2022
3,330000,1500,1,786,5,1,1,2,0,20.0,41.0,2022
3,65000,1050,1,75,5,2,0,3,0,3.0,62.0,2022
3,85000,920,1,628,5,2,2,3,0,4.0,13.0,2022
1,40000,450,1,55,5,1,1,1,0,8.0,13.0,2022
1,23000,440,1,2185,5,1,0,1,0,0.0,4.0,2022
3,55000,932,2,629,5,2,1,3,2,3.0,8.0,2022
1,15000,270,1,2168,5,2,0,2,2,15.0,15.0,2022
1,52000,379,1,735,5,1,0,2,0,23.0,23.0,2022
2,13000,582,1,1128,5,0,2,2,2,5.0,8.0,2022
2,95000,800,1,1472,5,1,1,2,0,6.0,8.0,2022
1,25000,444,1,1907,5,2,1,2,0,7.0,17.0,2022
1,21000,428,1,641,5,2,1,1,0,12.0,21.0,2022
5,360000,1880,1,1710,5,0,2,4,0,11.0,27.0,2022
2,60000,888,1,1831,5,1,1,2,0,5.0,20.0,2022
1,19000,490,2,285,5,2,1,1,2,0.0,8.0,2022
3,140000,937,1,1837,5,2,2,4,0,28.0,39.0,2022
2,30000,710,1,644,5,2,2,2,0,12.0,21.0,2022
4,130000,1617,1,162,5,1,1,5,0,15.0,58.0,2022
2,80000,836,1,1948,5,2,1,2,0,6.0,23.0,2022
2,85000,1200,1,435,5,1,1,3,0,36.0,45.0,2022
2,65000,950,1,2120,5,0,1,2,0,9.0,28.0,2022
1,33000,460,1,430,5,1,1,2,0,10.0,25.0,2022
1,36000,585,2,1431,5,1,1,2,0,10.0,14.0,2022
2,22000,550,1,1757,5,0,2,2,0,2.0,7.0,2022
1,17000,375,1,1705,5,2,1,1,0,9.0,20.0,2022
2,55000,700,1,1623,5,0,1,2,0,10.0,20.0,2022
2,66000,750,1,1927,5,2,2,2,0,2.0,8.0,2022
4,140000,2000,1,441,5,0,2,4,0,6.0,45.0,2022
4,260000,2046,1,1423,5,1,1,5,0,22.0,52.0,2022
2,32000,750,2,1851,5,1,1,2,2,3.0,7.0,2022
2,45000,730,1,1615,5,2,2,2,0,5.0,17.0,2022
2,50000,750,1,722,5,1,1,2,0,10.0,20.0,2022
1,18500,229,2,2101,5,1,1,1,2,5.0,9.0,2022
2,51000,910,1,1679,5,2,0,2,0,10.0,19.0,2022
4,140000,1648,1,1836,5,1,1,5,0,21.0,58.0,2022
3,80000,1100,1,74,5,2,2,3,0,48.0,54.0,2022
1,30000,560,1,628,5,2,0,2,0,2.0,4.0,2022
2,85000,850,1,115,5,2,1,2,0,4.0,6.0,2022
1,15000,450,2,456,5,2,2,1,2,2.0,4.0,2022
2,50000,820,1,1614,5,1,1,2,0,7.0,28.0,2022
2,60000,750,1,2014,5,2,1,2,0,10.0,20.0,2022
1,23000,410,1,1262,5,2,1,1,0,4.0,7.0,2022
1,14500,490,1,993,5,2,1,2,2,12.0,20.0,2022
2,40000,700,1,428,5,2,1,2,0,11.0,15.0,2022
5,650000,3000,1,1000,5,1,1,5,0,8.0,10.0,2022
1,80000,560,1,2138,5,0,1,1,0,1.0,7.0,2022
2,55000,650,1,2140,5,2,1,2,0,8.0,18.0,2022
1,12000,520,2,2190,5,1,1,1,2,2.0,3.0,2022
2,45000,850,1,550,5,2,1,2,0,9.0,12.0,2022
2,90000,777,1,729,5,0,1,2,0,19.0,22.0,2022
2,43000,771,1,919,5,2,1,2,0,15.0,37.0,2022
1,22000,400,1,1262,5,2,1,1,0,3.0,7.0,2022
2,20000,600,1,1228,5,0,2,2,0,7.0,7.0,2022
1,26000,390,1,666,5,1,1,2,0,-1.0,7.0,2022
4,850000,3200,1,334,5,0,1,4,0,2.0,4.0,2022
1,34999,450,1,683,5,0,1,2,0,5.0,12.0,2022
1,35000,500,2,1547,5,1,1,2,2,7.0,23.0,2022
1,50000,410,1,454,5,1,1,1,0,6.0,12.0,2022
1,16000,160,1,1094,5,2,1,1,2,2.0,3.0,2022
2,55000,750,1,379,5,2,1,2,0,10.0,14.0,2022
1,39000,585,2,372,5,2,2,2,0,3.0,7.0,2022
3,100000,1300,1,1069,5,1,2,3,0,12.0,24.0,2022
1,25000,350,1,630,5,0,1,1,2,2.0,17.0,2022
1,25000,490,2,946,5,1,1,2,2,3.0,7.0,2022
2,49500,650,1,870,5,2,2,2,0,5.0,16.0,2022
1,21000,225,1,1133,5,2,1,1,2,6.0,24.0,2022
2,110000,850,1,1471,5,1,1,2,0,5.0,13.0,2022
1,21000,385,2,2192,5,2,1,1,2,0.0,5.0,2022
2,46700,800,1,1264,5,2,2,2,0,2.0,7.0,2022
4,400000,2500,1,225,5,0,1,4,0,5.0,12.0,2022
4,280000,1526,1,1118,5,1,1,5,0,76.0,78.0,2022
1,18000,300,2,1063,5,2,1,1,2,3.0,10.0,2022
3,80000,1800,2,1725,5,1,1,3,0,10.0,13.0,2022
2,88000,800,1,937,5,1,1,2,0,5.0,20.0,2022
3,90000,890,1,1428,5,0,2,2,0,20.0,27.0,2022
2,38000,700,1,1882,5,2,1,2,0,14.0,23.0,2022
1,20000,465,2,2182,5,1,0,1,2,3.0,4.0,2022
2,140000,900,1,1226,5,0,2,2,0,8.0,36.0,2022
3,78000,1073,1,1617,5,1,1,3,0,8.0,20.0,2022
1,21000,450,2,388,5,2,1,1,2,4.0,7.0,2022
3,95000,1350,1,1635,5,0,1,3,0,8.0,16.0,2022
2,90000,800,1,218,5,0,1,2,0,5.0,8.0,2022
2,34000,600,1,1842,5,2,0,2,0,4.0,7.0,2022
2,55000,650,1,1873,5,2,1,2,0,5.0,15.0,2022
2,52000,550,1,454,5,0,0,2,0,3.0,3.0,2022
1,74999,840,1,356,5,2,1,2,0,8.0,17.0,2022
3,75000,1121,1,441,5,0,1,2,0,30.0,45.0,2022
2,45000,650,1,1942,5,2,1,2,0,2.0,12.0,2022
1,22000,575,2,948,5,2,1,1,2,14.0,14.0,2022
1,32000,475,2,114,5,0,1,1,2,3.0,4.0,2022
2,34000,830,1,793,5,1,1,2,0,9.0,21.0,2022
3,170000,1337,1,1426,5,1,1,3,0,28.0,30.0,2022
1,23000,420,1,1892,5,1,1,2,0,5.0,7.0,2022
1,20000,310,1,1182,5,2,0,1,0,0.0,7.0,2022
3,350000,1800,1,1000,5,0,2,4,0,2.0,12.0,2022
3,90000,967,1,1702,5,0,1,3,0,14.0,33.0,2022
1,55000,505,1,639,5,1,1,1,0,4.0,12.0,2022
1,15000,275,2,328,5,2,1,1,2,3.0,7.0,2022
2,22000,640,1,1160,5,1,2,2,0,21.0,21.0,2022
3,60000,1500,1,578,5,1,1,3,0,10.0,23.0,2022
2,49000,850,1,1092,5,1,1,2,0,10.0,23.0,2022
2,34000,900,1,366,5,1,1,2,0,12.0,25.0,2022
1,24000,430,1,302,5,0,1,2,0,6.0,7.0,2022
4,270000,1649,1,33,5,1,2,3,0,18.0,29.0,2022
3,69000,1100,1,379,5,2,1,3,0,12.0,24.0,2022
3,120000,1200,1,2147,5,1,1,3,0,14.0,35.0,2022
2,32000,680,1,594,5,2,2,2,0,5.0,20.0,2022
2,24000,600,1,383,5,1,0,2,2,5.0,7.0,2022
4,100000,1560,1,2172,5,2,1,4,0,12.0,19.0,2022
5,600000,4500,1,225,5,0,0,5,0,7.0,20.0,2022
2,45000,771,1,919,5,2,1,2,0,20.0,37.0,2022
2,80000,800,1,730,5,1,1,2,0,7.0,22.0,2022
2,37000,800,2,1247,5,1,0,2,0,5.0,14.0,2022
3,210000,1425,1,1985,5,0,0,4,0,9.0,35.0,2022
4,190000,1750,1,638,5,1,1,4,0,5.0,17.0,2022
1,25000,475,1,628,5,2,0,2,0,11.0,15.0,2022
4,210000,2000,1,2097,5,2,0,5,0,27.0,27.0,2022
3,200000,1375,1,1616,5,1,2,3,0,15.0,60.0,2022
5,310000,2800,1,1261,5,1,1,5,0,19.0,33.0,2022
1,26000,650,2,1898,5,1,1,1,2,1.0,3.0,2022
2,27000,600,1,1706,5,2,0,2,0,18.0,20.0,2022
1,26000,649,2,2040,5,2,1,1,2,3.0,3.0,2022
2,60000,950,1,665,5,0,0,2,0,2.0,8.0,2022
1,12000,225,1,148,5,2,2,1,2,7.0,7.0,2022
2,180000,1000,1,1180,5,0,1,2,0,6.0,10.0,2022
1,30000,330,1,1181,5,0,2,1,0,13.0,40.0,2022
3,100000,1200,1,1000,5,0,1,3,0,8.0,14.0,2022
3,140000,1270,1,1112,5,1,0,3,0,15.0,60.0,2022
3,70000,920,1,1730,5,2,1,3,0,14.0,21.0,2022
2,20000,630,1,1721,5,2,2,2,0,4.0,22.0,2022
2,22000,670,1,1558,5,0,2,2,0,4.0,12.0,2022
1,32000,450,2,115,5,0,1,1,2,1.0,5.0,2022
1,20000,265,2,1248,5,2,1,1,2,6.0,7.0,2022
2,50000,600,1,879,5,1,1,2,0,9.0,11.0,2022
2,29000,670,1,84,5,2,2,2,2,7.0,7.0,2022
2,45000,650,1,379,5,1,1,2,0,10.0,18.0,2022
1,6500,422,1,1336,5,1,2,2,0,9.0,15.0,2022
2,55000,955,1,1138,5,2,1,2,0,8.0,22.0,2022
3,69999,1100,1,1062,5,0,1,3,0,6.0,13.0,2022
1,18500,300,1,814,5,2,0,1,2,3.0,4.0,2022
2,50000,900,1,491,5,1,1,2,2,5.0,17.0,2022
2,45000,785,1,364,5,2,0,2,0,2.0,7.0,2022
3,85000,1350,1,681,5,0,2,3,0,20.0,31.0,2022
2,85000,900,1,1714,5,1,1,2,0,27.0,45.0,2022
1,25000,400,1,2147,5,2,0,1,0,18.0,23.0,2022
2,75000,800,1,1814,5,1,0,3,0,19.0,20.0,2022
2,190000,895,1,786,5,1,1,2,0,32.0,46.0,2022
1,20000,625,2,456,5,1,1,1,2,10.0,12.0,2022
2,30000,720,1,1764,5,1,1,2,0,5.0,14.0,2022
2,75000,750,1,2038,5,0,1,2,0,4.0,13.0,2022
3,350000,1663,1,787,5,1,1,2,0,19.0,85.0,2022
2,70000,660,1,174,5,1,1,2,0,0.0,6.0,2022
2,32000,700,1,1141,5,0,1,2,0,0.0,7.0,2022
1,22000,377,2,1906,5,2,1,2,2,3.0,23.0,2022
2,35000,650,1,1972,5,1,2,2,0,5.0,6.0,2022
2,47000,650,1,4,5,2,1,2,0,5.0,7.0,2022
4,400000,2080,1,786,5,1,1,5,0,34.0,46.0,2022
2,31000,700,2,1738,5,1,1,2,2,2.0,8.0,2022
1,60000,430,1,225,5,0,1,1,0,1.0,7.0,2022
2,58000,650,1,1069,5,2,2,2,0,15.0,24.0,2022
3,85000,890,1,1428,5,0,1,2,0,4.0,27.0,2022
2,45000,965,2,281,5,2,1,2,0,19.0,27.0,2022
1,7500,630,2,1923,5,1,1,2,0,3.0,12.0,2022
4,250000,2100,1,320,5,1,1,4,0,35.0,60.0,2022
3,150000,1100,1,191,5,0,2,3,0,9.0,16.0,2022
2,80000,730,1,1522,5,1,1,2,2,4.0,6.0,2022
3,75000,1380,1,1973,5,1,1,3,0,9.0,22.0,2022
3,66000,1100,1,1831,5,1,1,3,0,17.0,22.0,2022
1,45000,450,1,1171,5,1,0,1,0,5.0,7.0,2022
1,22000,500,2,1147,5,2,1,1,2,3.0,4.0,2022
3,65000,1100,1,1615,5,1,0,3,0,9.0,20.0,2022
3,55000,868,1,1454,5,2,2,3,0,9.0,21.0,2022
2,55000,750,1,1447,5,1,1,2,0,6.0,15.0,2022
1,36000,540,2,2187,5,2,1,2,2,2.0,3.0,2022
4,230000,2100,1,732,5,0,2,5,0,21.0,33.0,2022
1,22000,450,1,384,5,1,2,2,0,4.0,7.0,2022
3,170000,1600,1,434,5,1,2,4,0,25.0,52.0,2022
1,34000,560,2,1809,5,1,0,2,2,3.0,7.0,2022
1,45000,500,1,799,5,2,0,1,0,2.0,3.0,2022
1,14000,305,1,947,5,2,1,1,0,2.0,24.0,2022
3,75000,970,1,1491,5,0,1,2,2,1.0,3.0,2022
1,7000,480,1,1957,5,2,1,1,2,4.0,4.0,2022
2,55000,720,1,2173,5,1,1,2,0,1.0,6.0,2022
2,55000,950,1,2051,5,1,2,2,0,7.0,10.0,2022
4,700000,3200,1,1073,5,0,1,4,0,24.0,24.0,2022
3,140000,1450,1,733,5,0,2,3,0,18.0,33.0,2022
2,42000,774,1,1131,5,1,2,2,0,10.0,20.0,2022
1,27000,450,2,115,5,2,2,1,0,2.0,3.0,2022
3,60000,1000,1,1182,5,1,0,3,0,1.0,10.0,2022
1,17000,340,2,650,5,1,1,1,2,1.0,8.0,2022
1,30000,430,1,1863,5,1,1,2,0,14.0,23.0,2022
2,45000,722,1,73,5,2,1,2,0,4.0,7.0,2022
3,90000,1152,1,889,5,0,1,2,0,12.0,21.0,2022
1,25000,641,2,329,5,2,1,1,2,3.0,8.0,2022
2,70000,810,1,2112,5,0,1,2,0,4.0,11.0,2022
2,90000,800,1,2103,5,0,2,2,0,5.0,6.0,2022
2,110000,875,1,225,5,2,1,2,0,12.0,14.0,2022
2,20000,700,2,1198,5,2,2,2,2,8.0,22.0,2022
1,35000,420,2,2179,5,1,1,1,2,0.0,3.0,2022
3,80000,1400,1,627,5,0,1,3,2,1.0,2.0,2022
2,54500,758,1,1068,5,1,1,2,0,12.0,24.0,2022
4,350000,2880,1,1127,5,2,0,5,0,45.0,60.0,2022
1,45000,480,1,1816,5,0,1,2,0,7.0,7.0,2022
1,38000,550,1,1869,5,2,0,2,0,6.0,10.0,2022
2,90000,900,1,1126,5,1,0,2,0,60.0,71.0,2022
1,22000,400,2,301,5,2,1,1,2,8.0,22.0,2022
2,70000,760,1,1069,5,1,1,2,0,9.0,22.0,2022
4,380000,2800,1,2146,5,2,0,5,0,36.0,81.0,2022
1,50000,400,1,734,5,1,1,1,0,10.0,22.0,2022
4,680000,1962,1,1000,5,1,1,5,0,18.0,20.0,2022
3,140000,1100,1,2138,5,1,1,3,0,6.0,12.0,2022
2,40000,800,2,2183,5,1,1,2,2,1.0,3.0,2022
2,32000,590,1,1723,5,2,2,2,0,7.0,12.0,2022
2,78000,600,1,115,5,1,1,2,0,14.0,22.0,2022
4,280000,2500,1,321,5,1,1,6,0,24.0,60.0,2022
2,45000,670,1,388,5,2,1,2,0,17.0,22.0,2022
2,65000,960,1,513,5,1,1,2,0,16.0,38.0,2022
2,65000,1500,2,2193,5,1,1,3,2,4.0,4.0,2022
1,35000,500,2,629,5,1,1,1,2,1.0,5.0,2022
3,90000,1120,1,441,5,0,2,2,0,8.0,45.0,2022
4,250000,2729,1,1069,5,1,0,5,0,20.0,27.0,2022
3,70000,3354,1,1955,0,0,1,3,0,0.0,16.0,2022
2,10500,800,2,1316,0,1,1,2,2,3.0,4.0,2022
2,13000,1000,2,971,0,1,1,2,2,0.0,4.0,2022
2,17000,1040,2,347,0,0,1,2,2,4.0,4.0,2022
3,21000,1403,2,400,0,1,1,3,2,1.0,4.0,2022
2,10000,600,2,1956,0,0,1,1,2,3.0,4.0,2022
4,61500,2608,1,1191,0,1,0,3,0,1.0,4.0,2022
2,13000,850,1,1646,0,1,2,2,0,1.0,3.0,2022
1,7500,400,2,1626,0,2,1,1,2,1.0,2.0,2022
2,17000,1000,2,1461,0,1,1,2,2,3.0,4.0,2022
3,25000,1350,1,983,0,1,0,3,2,5.0,14.0,2022
2,10500,800,1,1647,0,1,1,2,2,1.0,2.0,2022
1,8000,350,2,1983,0,1,1,1,2,3.0,3.0,2022
1,9500,900,2,811,0,1,1,1,2,0.0,2.0,2022
3,50000,2000,1,230,0,1,1,3,0,1.0,2.0,2022
2,13000,700,2,2109,0,1,1,2,2,1.0,4.0,2022
1,13500,600,2,2231,0,1,1,1,2,1.0,4.0,2022
2,13000,700,1,2131,0,1,1,1,2,0.0,1.0,2022
1,15000,600,2,347,0,1,0,1,0,2.0,4.0,2022
2,15000,1400,2,1647,0,0,1,3,2,0.0,1.0,2022
1,7000,600,2,890,0,2,1,1,2,0.0,3.0,2022
2,25000,770,2,2021,0,0,1,2,2,8.0,32.0,2022
2,17000,900,1,185,0,1,2,2,2,1.0,2.0,2022
1,7500,500,2,1057,0,0,1,1,2,0.0,3.0,2022
2,15000,1100,2,1417,0,2,1,2,2,1.0,2.0,2022
1,7500,500,2,206,0,1,1,1,2,1.0,2.0,2022
3,25000,1260,2,2089,0,0,1,3,2,0.0,2.0,2022
3,54000,1750,1,841,0,1,1,3,0,2.0,4.0,2022
1,14500,600,1,1233,0,1,0,1,0,1.0,3.0,2022
1,4500,450,2,1373,0,1,1,1,2,0.0,3.0,2022
2,10500,800,2,2156,0,1,1,1,2,3.0,4.0,2022
1,5500,400,2,740,0,2,1,1,2,0.0,2.0,2022
2,16000,600,1,632,0,2,0,2,2,1.0,2.0,2022
1,7000,400,2,1945,0,2,1,1,2,0.0,2.0,2022
2,12500,900,2,1647,0,0,1,2,2,0.0,3.0,2022
2,10000,1200,2,859,0,1,1,1,2,0.0,4.0,2022
2,18000,1045,1,1233,0,1,0,2,2,1.0,2.0,2022
3,28000,1021,1,205,0,0,0,3,2,10.0,10.0,2022
3,12000,1200,2,2181,0,2,1,2,2,0.0,4.0,2022
2,13000,1000,1,560,0,2,1,1,2,1.0,3.0,2022
2,50000,1280,1,711,0,0,1,2,0,2.0,12.0,2022
1,7000,450,1,829,0,1,1,1,2,1.0,2.0,2022
2,30000,450,2,609,0,2,1,2,2,2.0,3.0,2022
1,10000,600,2,337,0,1,1,2,2,3.0,4.0,2022
2,15000,800,2,1026,0,1,1,2,2,2.0,3.0,2022
1,7500,500,2,245,0,2,1,1,2,2.0,4.0,2022
3,45000,1680,2,866,0,1,1,3,0,7.0,19.0,2022
3,65000,2000,1,711,0,1,0,3,0,23.0,40.0,2022
1,12000,500,1,1034,0,1,0,1,0,1.0,4.0,2022
1,7000,500,1,44,0,1,0,1,2,2.0,2.0,2022
1,9000,800,2,1159,0,2,1,1,2,2.0,3.0,2022
2,23000,1100,2,217,0,1,2,2,2,2.0,3.0,2022
2,30000,1200,2,909,0,1,1,2,2,3.0,4.0,2022
1,8000,500,1,2000,0,2,1,1,2,2.0,3.0,2022
2,16000,1155,2,878,0,1,2,2,2,3.0,4.0,2022
1,7500,440,2,559,0,1,1,1,2,3.0,4.0,2022
2,20000,1040,1,1792,0,1,1,2,0,1.0,7.0,2022
4,110000,2900,1,2234,0,0,0,4,0,7.0,18.0,2022
3,30000,1200,2,1324,0,1,1,2,2,1.0,2.0,2022
3,20000,1600,2,804,0,1,2,3,0,2.0,3.0,2022
4,84000,3150,1,214,0,2,0,4,2,8.0,19.0,2022
2,17000,1000,2,812,0,1,1,2,2,2.0,4.0,2022
2,15000,1200,2,1250,0,1,1,2,2,1.0,2.0,2022
1,6000,400,2,560,0,1,1,1,2,4.0,5.0,2022
2,16000,950,1,1647,0,0,1,3,2,1.0,1.0,2022
2,9500,530,1,343,0,1,1,1,2,1.0,3.0,2022
1,8000,300,1,2022,0,2,1,1,2,0.0,2.0,2022
2,15000,1000,2,532,0,1,1,2,2,0.0,3.0,2022
1,12000,450,2,335,0,2,1,1,2,3.0,3.0,2022
1,10000,600,1,851,0,1,0,1,2,0.0,1.0,2022
2,16000,1100,2,844,0,2,1,2,2,2.0,4.0,2022
1,11000,400,2,368,0,2,1,1,2,1.0,4.0,2022
2,11000,700,2,751,0,2,1,2,2,1.0,2.0,2022
2,20000,1105,2,561,0,1,1,2,2,1.0,4.0,2022
3,24000,1430,2,1914,0,1,1,2,2,3.0,4.0,2022
2,14500,850,2,878,0,1,1,2,2,2.0,4.0,2022
1,4000,650,2,343,0,2,1,1,2,1.0,2.0,2022
2,12000,1200,2,980,0,2,1,2,2,0.0,2.0,2022
2,8500,600,2,2092,0,2,1,2,2,1.0,3.0,2022
1,9000,400,1,1301,0,1,1,1,2,2.0,4.0,2022
4,180000,2800,1,1784,0,0,2,4,0,0.0,4.0,2022
2,10500,1100,2,106,0,1,1,2,2,0.0,1.0,2022
2,12000,900,2,560,0,2,0,2,2,1.0,5.0,2022
3,32000,1300,2,758,0,1,1,2,2,2.0,4.0,2022
2,15000,1000,2,747,0,1,1,3,2,0.0,1.0,2022
3,21000,1000,1,2122,0,0,1,3,2,1.0,2.0,2022
2,12000,900,1,186,0,2,1,2,0,0.0,1.0,2022
1,7000,800,1,186,0,2,1,1,0,1.0,1.0,2022
2,15000,750,2,768,0,2,1,2,2,1.0,3.0,2022
2,11400,1100,1,1410,0,2,0,2,2,2.0,5.0,2022
2,15000,1200,2,862,0,1,1,2,2,1.0,3.0,2022
2,19000,1000,1,1669,0,1,1,2,0,0.0,2.0,2022
2,27000,1000,1,710,0,1,0,2,0,4.0,4.0,2022
3,48000,2000,1,583,0,1,1,3,0,2.0,4.0,2022
1,7000,550,2,399,0,1,1,1,2,1.0,3.0,2022
2,15000,1130,2,2234,0,2,2,2,2,0.0,4.0,2022
2,10000,600,2,23,0,1,1,2,2,0.0,1.0,2022
1,7000,100,1,398,0,1,1,1,2,1.0,2.0,2022
2,9000,500,2,1254,0,1,1,1,2,2.0,5.0,2022
1,8000,600,2,1626,0,2,1,1,2,0.0,3.0,2022
2,35000,1200,1,1164,0,1,0,2,0,1.0,5.0,2022
2,16000,850,2,309,0,1,1,2,2,1.0,2.0,2022
1,4500,600,2,1144,0,2,1,1,2,1.0,4.0,2022
2,16000,600,2,1880,0,2,1,1,2,1.0,3.0,2022
2,10000,700,2,1322,0,1,1,1,2,1.0,4.0,2022
1,8000,400,1,711,0,2,1,1,2,1.0,1.0,2022
1,6000,400,2,1979,0,1,1,1,2,3.0,4.0,2022
2,13000,1000,1,745,0,2,1,2,2,1.0,2.0,2022
2,10000,1200,2,878,0,1,1,2,2,0.0,4.0,2022
3,55000,1603,1,1156,0,1,1,3,0,6.0,17.0,2022
3,15000,1200,2,192,0,1,2,3,2,0.0,2.0,2022
1,12000,420,1,1303,0,1,1,1,0,2.0,5.0,2022
2,9000,1200,2,652,0,1,1,2,2,3.0,4.0,2022
3,36000,1771,2,652,0,1,1,3,0,10.0,18.0,2022
3,37000,1200,2,1414,0,1,1,3,2,2.0,3.0,2022
2,6000,700,2,1606,0,2,1,1,2,1.0,2.0,2022
1,17000,610,2,830,0,1,1,1,2,10.0,10.0,2022
1,8000,800,2,511,0,2,1,1,2,3.0,4.0,2022
1,7500,550,2,739,0,1,1,1,2,2.0,3.0,2022
2,9500,750,2,1288,0,1,1,1,2,1.0,4.0,2022
2,13500,700,1,1236,0,1,0,2,2,1.0,3.0,2022
1,9000,600,1,1647,0,1,1,1,2,2.0,2.0,2022
1,7000,360,2,811,0,2,1,1,2,0.0,2.0,2022
2,12000,800,2,336,0,2,1,2,2,2.0,4.0,2022
4,100000,3700,1,1772,0,1,1,5,0,18.0,22.0,2022
2,12000,1200,2,559,0,2,1,2,2,1.0,3.0,2022
1,8500,480,2,1552,0,0,1,1,2,2.0,3.0,2022
2,18000,1000,2,1135,0,1,1,2,2,0.0,3.0,2022
1,11000,800,2,519,0,1,2,1,2,0.0,3.0,2022
3,18000,900,2,1626,0,0,1,2,2,2.0,3.0,2022
3,17000,1450,2,1667,0,1,1,3,2,0.0,2.0,2022
1,6500,400,2,1626,0,2,1,1,2,0.0,3.0,2022
2,11500,700,2,1368,0,1,1,2,2,1.0,2.0,2022
2,22000,1000,1,217,0,1,1,2,0,2.0,6.0,2022
1,13000,450,1,1090,0,0,1,1,2,3.0,3.0,2022
3,20000,773,1,1308,0,1,0,2,0,2.0,12.0,2022
2,10000,1200,2,981,0,1,1,2,2,1.0,2.0,2022
2,15000,1000,2,258,0,2,1,2,2,2.0,3.0,2022
1,8000,150,2,178,0,2,1,1,2,2.0,3.0,2022
2,12000,865,2,112,0,1,1,2,2,1.0,5.0,2022
1,20000,600,2,1667,0,1,1,1,2,1.0,4.0,2022
2,20000,800,2,242,0,1,1,1,2,2.0,3.0,2022
1,8000,200,2,1433,0,1,1,1,2,0.0,4.0,2022
1,11000,600,1,711,0,2,0,2,2,1.0,4.0,2022
3,40000,1840,1,745,0,1,1,2,0,5.0,14.0,2022
2,10000,800,2,715,0,1,1,2,2,2.0,4.0,2022
3,30000,1600,1,757,0,1,2,2,0,2.0,4.0,2022
2,8000,600,2,559,0,2,1,1,2,1.0,2.0,2022
2,15000,1100,1,2121,0,2,0,2,2,3.0,3.0,2022
2,12000,950,2,1417,0,1,1,2,2,1.0,2.0,2022
2,12000,905,2,934,0,1,2,2,2,3.0,6.0,2022
3,20000,1200,1,1288,0,1,0,2,2,0.0,1.0,2022
3,13000,1000,2,878,0,1,1,1,2,1.0,2.0,2022
2,17500,1080,2,559,0,0,1,2,2,1.0,4.0,2022
1,8000,600,2,925,0,1,1,1,2,0.0,4.0,2022
2,8500,1000,2,892,0,1,1,2,2,0.0,3.0,2022
1,7500,600,2,322,0,1,1,1,2,1.0,2.0,2022
2,22000,1100,2,1680,0,1,1,2,2,2.0,5.0,2022
1,6000,300,2,1321,0,2,1,1,2,0.0,2.0,2022
2,32900,1200,1,1223,0,0,1,1,0,3.0,6.0,2022
2,15000,800,2,811,0,0,1,1,2,1.0,4.0,2022
2,10000,535,2,1280,0,2,1,1,2,3.0,4.0,2022
2,10000,800,2,254,0,2,1,2,2,1.0,3.0,2022
3,21000,1159,2,559,0,2,1,2,2,4.0,5.0,2022
4,63000,2650,1,934,0,2,0,5,0,16.0,34.0,2022
1,6900,50,1,1014,0,1,0,1,2,0.0,4.0,2022
2,14000,700,2,2092,0,2,1,1,2,2.0,3.0,2022
1,14500,550,2,1159,0,1,0,1,0,4.0,5.0,2022
1,6500,700,2,1709,0,1,1,1,2,2.0,4.0,2022
2,13000,600,2,2082,0,2,1,2,2,1.0,5.0,2022
2,8000,600,2,1187,0,1,1,1,2,1.0,4.0,2022
2,18000,1000,2,712,0,1,1,1,2,2.0,4.0,2022
2,20000,1100,2,1626,0,1,1,3,2,2.0,2.0,2022
1,14000,750,1,864,0,1,1,1,2,3.0,4.0,2022
4,50000,2900,2,951,0,0,1,4,2,5.0,7.0,2022
2,14500,990,2,293,0,2,1,2,2,1.0,4.0,2022
2,15000,1300,2,1610,0,0,1,2,2,0.0,2.0,2022
1,11500,550,1,1159,0,1,1,1,2,2.0,3.0,2022
3,15000,1360,2,378,0,1,1,2,2,5.0,9.0,2022
2,12000,600,1,1234,0,1,0,2,2,2.0,4.0,2022
2,18000,1200,1,559,0,1,1,2,2,0.0,12.0,2022
2,15000,1050,2,559,0,1,1,2,2,1.0,5.0,2022
2,12000,840,2,1250,0,1,1,2,2,2.0,4.0,2022
2,25000,1050,2,756,0,1,1,2,2,1.0,5.0,2022
3,150000,3250,1,2066,0,0,1,4,0,2.0,6.0,2022
1,10000,500,2,1317,0,2,1,1,2,2.0,3.0,2022
2,8000,900,2,652,0,1,1,1,2,1.0,3.0,2022
2,40000,1300,1,789,0,1,1,2,0,2.0,4.0,2022
2,12000,600,2,1825,0,2,1,1,2,2.0,3.0,2022
2,16000,900,1,1012,0,1,1,1,0,3.0,5.0,2022
2,23000,1100,1,1012,0,1,1,2,0,2.0,5.0,2022
2,25000,1100,1,823,0,1,1,2,0,2.0,10.0,2022
1,7000,600,2,896,0,2,1,1,2,2.0,3.0,2022
2,17500,1250,1,2160,0,2,0,2,2,1.0,2.0,2022
1,10000,415,1,851,0,1,1,1,0,3.0,3.0,2022
3,39000,1200,2,2085,0,0,1,3,2,1.0,4.0,2022
3,22000,1200,1,323,0,2,0,2,2,4.0,4.0,2022
2,18000,1000,2,652,0,1,2,2,2,2.0,4.0,2022
2,23000,1300,2,226,0,0,1,2,2,3.0,4.0,2022
2,20000,1150,1,864,0,2,1,2,2,2.0,4.0,2022
1,10000,450,1,1190,0,1,1,1,2,3.0,4.0,2022
1,15000,600,1,1159,0,1,1,1,0,5.0,5.0,2022
2,17000,1000,2,322,0,1,1,2,2,3.0,4.0,2022
3,56000,1900,1,842,0,2,0,3,0,6.0,16.0,2022
3,43000,1700,1,134,0,1,1,3,0,3.0,4.0,2022
2,25000,1100,1,1812,0,1,1,2,2,2.0,5.0,2022
1,9000,500,1,1289,0,1,1,1,2,1.0,3.0,2022
3,31000,1757,2,830,0,1,1,3,2,9.0,10.0,2022
1,6000,300,2,2025,0,1,1,1,2,0.0,2.0,2022
1,5000,500,2,679,0,1,1,1,2,2.0,3.0,2022
2,16000,1200,2,519,0,2,0,2,2,0.0,1.0,2022
1,20000,800,1,1030,0,1,2,1,0,0.0,5.0,2022
3,28000,1281,2,217,0,1,1,3,2,2.0,4.0,2022
2,18000,1450,1,865,0,1,1,2,2,0.0,2.0,2022
1,12000,600,2,241,0,1,0,1,0,3.0,3.0,2022
2,20000,980,2,1236,0,0,2,2,2,3.0,4.0,2022
3,25000,1500,2,899,0,1,0,3,0,1.0,7.0,2022
3,35000,1800,2,2234,0,1,1,3,0,1.0,1.0,2022
1,7000,400,2,347,0,2,1,1,2,1.0,2.0,2022
1,7500,600,1,216,0,2,0,1,2,0.0,2.0,2022
2,14000,1100,1,878,0,1,1,2,2,0.0,2.0,2022
2,20000,1100,1,2153,0,1,0,2,2,1.0,5.0,2022
4,380000,3500,1,1101,0,1,0,5,0,2.0,4.0,2022
2,21000,1100,1,1303,0,2,1,2,2,2.0,5.0,2022
2,15000,700,2,2160,0,1,1,2,2,1.0,2.0,2022
1,5500,600,1,718,0,2,0,1,2,1.0,2.0,2022
2,10000,700,2,1417,0,2,1,2,2,1.0,3.0,2022
1,7000,250,2,1027,0,1,1,1,2,1.0,4.0,2022
2,11500,1200,2,866,0,1,1,1,2,2.0,3.0,2022
3,22000,1450,2,230,0,1,1,3,2,0.0,4.0,2022
2,19000,1221,1,751,0,2,0,2,2,2.0,5.0,2022
2,15000,1250,2,498,0,1,1,2,2,1.0,4.0,2022
2,10500,700,1,402,0,1,2,1,2,0.0,2.0,2022
2,12000,700,1,506,0,1,1,2,2,1.0,2.0,2022
1,7000,200,2,863,0,1,1,1,2,2.0,3.0,2022
2,15000,1200,1,157,0,1,1,2,2,0.0,1.0,2022
2,23000,600,2,481,0,1,1,2,2,3.0,5.0,2022
1,6500,600,2,559,0,1,1,1,2,3.0,5.0,2022
3,29000,1800,1,866,0,1,1,3,2,3.0,4.0,2022
2,12000,900,1,577,0,2,1,2,2,0.0,2.0,2022
2,10000,1000,2,1236,0,1,0,2,2,2.0,2.0,2022
2,12500,500,1,1442,0,1,1,2,2,1.0,2.0,2022
3,32000,1800,2,1867,0,1,1,3,2,1.0,4.0,2022
1,8000,416,2,982,0,2,1,1,2,19.0,20.0,2022
2,10500,600,2,1013,0,1,1,1,2,3.0,5.0,2022
1,6000,400,2,1210,0,2,1,1,2,1.0,3.0,2022
3,16000,1200,2,2041,0,1,1,2,2,2.0,3.0,2022
3,45000,1600,1,1191,0,1,1,3,0,1.0,4.0,2022
1,6000,500,2,782,0,1,1,1,2,0.0,2.0,2022
1,5000,500,2,345,0,1,2,1,2,1.0,4.0,2022
3,14000,1800,2,2154,0,1,1,3,2,5.0,7.0,2022
2,20000,900,1,559,0,0,1,2,2,0.0,12.0,2022
1,11000,550,1,866,0,1,1,1,0,3.0,4.0,2022
1,5500,600,2,401,0,2,0,1,2,1.0,2.0,2022
3,55000,1800,1,1100,0,2,0,3,0,1.0,4.0,2022
2,15000,976,2,843,0,1,1,1,2,1.0,3.0,2022
1,8500,350,2,322,0,1,1,1,2,2.0,3.0,2022
2,15000,1100,1,2085,0,1,1,2,2,0.0,2.0,2022
2,12000,500,2,668,0,2,1,1,2,2.0,3.0,2022
1,7500,600,1,561,0,1,0,1,2,3.0,3.0,2022
2,16000,1100,2,230,0,1,1,2,2,2.0,4.0,2022
2,20000,1150,1,717,0,0,2,2,0,2.0,4.0,2022
2,14500,850,2,241,0,1,1,2,0,0.0,3.0,2022
1,6000,600,2,1253,0,1,1,1,2,2.0,2.0,2022
2,14000,900,1,899,0,1,0,2,0,4.0,5.0,2022
1,7000,300,2,971,0,1,1,1,2,0.0,4.0,2022
2,27500,1130,2,1433,0,1,1,2,2,2.0,4.0,2022
2,18000,1200,2,2092,0,2,1,2,2,0.0,3.0,2022
2,10000,1000,2,2057,0,1,1,2,2,1.0,3.0,2022
3,31000,1700,2,561,0,0,2,3,2,6.0,9.0,2022
2,15000,1100,1,745,0,1,1,2,0,2.0,4.0,2022
1,11000,300,2,335,0,1,1,1,2,0.0,4.0,2022
1,4500,600,2,1516,0,2,1,1,2,0.0,3.0,2022
1,10000,1000,2,878,0,1,1,2,2,0.0,2.0,2022
2,10000,1200,2,1647,0,2,1,2,2,1.0,2.0,2022
1,9000,500,2,1346,0,1,1,1,2,0.0,3.0,2022
2,16000,1050,2,245,0,1,1,2,2,1.0,3.0,2022
1,5000,350,1,370,0,2,1,1,2,2.0,2.0,2022
2,10000,1000,2,781,0,1,1,2,2,1.0,3.0,2022
1,15000,600,1,1159,0,1,1,1,0,3.0,5.0,2022
1,3500,150,2,2160,0,2,1,1,2,2.0,3.0,2022
2,16000,1400,2,711,0,0,1,2,2,1.0,2.0,2022
2,17000,1387,2,1416,0,1,1,3,2,0.0,4.0,2022
3,30000,1350,2,878,0,0,1,2,2,0.0,5.0,2022
2,12000,1020,1,559,0,2,1,2,2,1.0,4.0,2022
1,9000,600,1,346,0,1,1,1,2,2.0,4.0,2022
1,6000,400,2,505,0,1,1,1,2,3.0,4.0,2022
1,20000,550,1,1159,0,1,0,1,0,2.0,5.0,2022
3,30000,1400,1,336,0,0,1,2,2,2.0,4.0,2022
2,20000,1050,1,741,0,1,1,2,0,5.0,5.0,2022
2,15000,800,2,2234,0,2,1,2,2,1.0,5.0,2022
2,20000,1100,2,1012,0,2,1,2,2,1.0,3.0,2022
3,25000,1500,2,932,0,1,1,2,2,0.0,3.0,2022
1,9000,800,1,2157,0,1,1,1,2,2.0,3.0,2022
2,17000,800,1,811,0,1,0,1,2,0.0,4.0,2022
2,16500,1200,2,1461,0,1,1,2,2,2.0,3.0,2022
1,7000,450,2,971,0,2,1,1,2,2.0,4.0,2022
3,30000,1425,2,560,0,1,1,2,2,0.0,5.0,2022
2,8500,720,2,878,0,1,1,2,2,1.0,4.0,2022
1,8000,700,1,896,0,1,1,1,2,2.0,3.0,2022
2,20000,1100,2,848,0,1,1,2,2,2.0,3.0,2022
3,30000,1645,1,560,0,1,1,3,0,6.0,12.0,2022
3,120000,3276,2,425,0,1,1,3,0,3.0,4.0,2022
1,7000,500,2,984,0,2,1,1,2,2.0,3.0,2022
2,10000,600,2,62,0,0,1,2,2,4.0,5.0,2022
1,5000,600,2,684,0,1,1,1,2,1.0,3.0,2022
3,30000,1893,2,259,0,1,0,4,0,0.0,18.0,2022
1,6500,450,2,1405,0,2,0,1,2,1.0,4.0,2022
1,10000,650,1,866,0,1,0,1,0,4.0,4.0,2022
1,18000,400,1,2197,0,2,0,1,0,0.0,3.0,2022
2,30000,1296,1,934,0,1,1,2,0,9.0,22.0,2022
2,20000,1000,1,899,0,1,0,2,0,4.0,5.0,2022
1,16500,600,1,1045,0,2,0,1,0,4.0,5.0,2022
1,15000,600,2,811,0,0,1,1,2,3.0,3.0,2022
4,130000,4800,1,2234,0,1,1,4,0,11.0,19.0,2022
2,15000,1000,2,1897,0,1,1,1,2,0.0,2.0,2022
1,70000,800,1,1318,0,2,0,1,2,1.0,3.0,2022
1,22000,455,1,1303,0,1,1,1,0,2.0,5.0,2022
2,9750,575,1,2056,0,1,0,2,2,0.0,2.0,2022
2,23000,1066,2,1204,0,2,1,2,2,3.0,4.0,2022
2,12000,850,2,1301,0,1,1,1,2,3.0,4.0,2022
3,60000,1550,1,299,0,1,1,3,0,2.0,5.0,2022
2,11000,1000,2,878,0,1,1,2,2,2.0,4.0,2022
2,12000,800,2,1897,0,1,1,1,2,1.0,3.0,2022
1,11000,450,1,1303,0,1,1,1,0,1.0,4.0,2022
2,19000,1350,1,427,0,1,1,2,2,1.0,2.0,2022
2,10000,1350,2,1657,0,1,1,2,2,1.0,1.0,2022
1,7500,600,2,1188,0,1,1,1,2,3.0,4.0,2022
3,55000,2150,2,242,0,1,0,3,0,3.0,6.0,2022
2,11000,1080,2,752,0,1,1,2,2,3.0,5.0,2022
3,50000,1450,2,1433,0,1,1,3,0,3.0,4.0,2022
2,13500,700,2,111,0,2,1,2,2,2.0,3.0,2022
2,16500,1200,2,230,0,1,1,2,2,2.0,4.0,2022
3,120000,2110,1,1676,0,2,0,3,0,3.0,4.0,2022
1,7000,500,2,309,0,1,1,1,2,2.0,4.0,2022
2,10000,850,2,874,0,1,1,1,2,2.0,3.0,2022
1,7000,400,2,307,0,2,1,1,2,2.0,3.0,2022
1,18000,800,2,652,0,0,1,1,2,0.0,2.0,2022
1,11000,600,2,1053,0,1,2,1,2,2.0,4.0,2022
1,9000,450,2,1346,0,2,1,1,2,2.0,3.0,2022
3,60000,2080,1,583,0,1,2,3,2,2.0,5.0,2022
3,3500000,2500,1,1223,0,1,0,3,0,4.0,4.0,2022
2,12500,650,2,214,0,1,1,1,2,3.0,4.0,2022
2,16000,1100,2,1461,0,1,1,2,2,2.0,4.0,2022
2,30000,1025,1,789,0,1,1,2,0,2.0,4.0,2022
2,17000,1100,1,230,0,1,0,2,0,1.0,4.0,2022
1,8000,350,2,217,0,2,1,1,2,2.0,3.0,2022
2,16500,1050,2,2085,0,0,1,2,2,0.0,2.0,2022
2,13000,600,2,216,0,1,1,1,2,2.0,3.0,2022
2,12000,800,2,746,0,1,2,2,2,1.0,1.0,2022
2,17000,700,2,866,0,1,1,2,2,2.0,5.0,2022
3,15000,750,2,738,0,1,1,2,2,1.0,2.0,2022
3,35000,1600,2,716,0,1,1,3,2,20.0,25.0,2022
2,13000,1180,1,559,0,1,2,2,2,1.0,3.0,2022
2,12000,1400,2,1036,0,1,1,2,2,2.0,4.0,2022
1,10000,750,2,2234,0,1,1,1,2,2.0,5.0,2022
2,9000,580,1,2123,0,1,0,1,2,0.0,3.0,2022
1,6000,350,2,878,0,2,1,1,2,0.0,1.0,2022
2,8900,1100,2,1792,0,1,1,2,2,1.0,2.0,2022
3,40000,1900,1,242,0,2,0,3,0,3.0,6.0,2022
2,24000,1105,1,1944,0,0,1,2,0,1.0,4.0,2022
2,18500,1080,1,830,0,0,1,2,2,3.0,12.0,2022
2,16000,1281,2,1461,0,1,1,2,2,1.0,5.0,2022
1,8000,600,2,2041,0,1,1,1,2,0.0,3.0,2022
2,15000,850,2,745,0,1,1,2,2,0.0,3.0,2022
2,27000,1200,2,717,0,1,1,2,2,2.0,5.0,2022
2,17000,900,2,303,0,0,1,2,2,4.0,5.0,2022
3,50000,1250,1,299,0,1,1,3,0,3.0,5.0,2022
2,14000,800,1,571,0,2,0,2,2,3.0,3.0,2022
1,5000,500,2,1515,0,2,1,1,2,0.0,3.0,2022
2,8000,600,2,560,0,1,1,2,2,2.0,3.0,2022
3,20000,904,2,653,0,0,1,2,2,1.0,5.0,2022
2,15000,750,2,215,0,1,1,2,2,1.0,4.0,2022
3,20000,1252,1,1018,0,1,1,2,2,3.0,5.0,2022
2,11000,1200,2,298,0,1,1,2,2,1.0,2.0,2022
2,8500,440,2,925,0,0,1,2,2,2.0,4.0,2022
3,22500,1600,1,317,0,1,1,3,0,2.0,4.0,2022
2,15000,1200,2,1015,0,0,1,2,2,3.0,4.0,2022
2,11000,950,1,257,0,1,1,2,2,2.0,3.0,2022
2,11000,800,2,250,0,2,1,2,2,0.0,4.0,2022
2,9000,1000,1,339,0,1,1,1,2,1.0,3.0,2022
3,120000,2770,2,508,0,1,1,3,0,3.0,22.0,2022
2,15000,800,2,309,0,1,1,1,2,0.0,4.0,2022
1,7000,400,2,1236,0,1,1,1,2,0.0,2.0,2022
1,5000,144,2,1461,0,1,1,1,2,0.0,1.0,2022
1,18000,600,2,806,0,0,1,1,2,2.0,4.0,2022
3,45000,2200,1,762,0,1,0,3,0,2.0,4.0,2022
2,21000,1005,1,789,0,1,1,3,0,2.0,5.0,2022
2,10000,1200,2,1647,0,1,1,2,2,0.0,1.0,2022
2,15000,1180,2,322,0,1,2,2,2,0.0,5.0,2022
2,11000,900,2,1945,0,1,1,2,2,2.0,3.0,2022
1,7500,500,1,750,0,1,1,1,2,1.0,2.0,2022
3,22000,1100,1,549,0,1,2,2,2,2.0,4.0,2022
2,17000,1100,2,1190,0,1,1,2,2,1.0,3.0,2022
1,6000,400,2,1490,0,1,1,1,2,3.0,4.0,2022
2,20000,1250,2,48,0,1,2,2,2,3.0,4.0,2022
2,18000,600,2,1223,0,2,1,2,2,0.0,2.0,2022
2,13000,780,1,1303,0,1,1,1,0,1.0,3.0,2022
2,38000,1274,1,934,0,1,1,2,0,9.0,32.0,2022
2,36000,1200,1,2234,0,0,1,2,0,1.0,4.0,2022
1,7500,400,2,399,0,2,1,1,2,3.0,4.0,2022
1,9000,500,2,1233,0,2,1,1,2,0.0,4.0,2022
3,18000,1100,1,502,0,1,0,3,2,11.0,18.0,2022
1,6500,700,2,560,0,2,0,1,2,1.0,4.0,2022
2,6000,600,2,398,0,1,1,1,2,2.0,3.0,2022
2,18000,1200,1,1015,0,1,1,2,2,3.0,10.0,2022
2,12000,900,2,1848,0,1,1,2,2,2.0,4.0,2022
3,75000,1850,1,845,0,1,0,3,0,6.0,11.0,2022
2,25000,900,2,932,0,2,2,2,2,0.0,1.0,2022
2,20000,1050,2,766,0,1,1,2,2,2.0,4.0,2022
2,8000,1200,2,2085,0,1,1,2,2,2.0,3.0,2022
2,11000,600,2,559,0,2,1,2,2,2.0,4.0,2022
3,65000,1480,1,500,0,0,2,2,0,7.0,14.0,2022
1,6000,400,2,968,0,1,1,1,2,4.0,5.0,2022
4,160000,4500,1,1099,0,2,0,4,0,4.0,4.0,2022
1,11000,600,2,1230,0,1,1,1,2,0.0,3.0,2022
2,20000,1100,2,864,0,2,1,2,2,1.0,5.0,2022
1,5500,600,2,1667,0,2,1,1,2,0.0,3.0,2022
3,12000,1100,2,1827,0,1,1,3,2,6.0,7.0,2022
3,21500,1320,2,323,0,1,1,2,2,3.0,4.0,2022
2,9300,500,2,1626,0,2,1,1,2,2.0,4.0,2022
1,6000,600,2,419,0,2,1,1,2,0.0,2.0,2022
2,13000,650,2,133,0,2,1,1,2,1.0,4.0,2022
1,7000,300,1,1399,0,2,1,1,2,3.0,3.0,2022
2,14000,1000,2,250,0,2,1,2,2,1.0,4.0,2022
2,14000,1200,2,16,0,1,1,2,2,0.0,3.0,2022
1,6000,650,2,214,0,1,1,1,2,2.0,6.0,2022
1,12500,600,2,1384,0,2,1,1,2,1.0,1.0,2022
1,7000,400,1,676,0,1,0,1,2,2.0,7.0,2022
2,13000,1000,2,111,0,0,1,2,2,2.0,3.0,2022
2,20000,1100,1,766,0,1,1,2,2,2.0,3.0,2022
2,24000,1300,2,1442,0,2,0,2,2,2.0,3.0,2022
1,6000,600,2,740,0,2,1,1,2,3.0,3.0,2022
2,15000,800,2,368,0,1,1,2,2,1.0,6.0,2022
2,20000,1115,2,1735,0,0,1,2,2,2.0,4.0,2022
2,17000,1060,1,878,0,2,0,2,2,1.0,5.0,2022
3,35000,1278,2,1236,0,1,1,2,2,3.0,7.0,2022
3,22000,1500,2,934,0,1,1,3,2,2.0,4.0,2022
2,18000,1000,1,866,0,1,0,2,0,2.0,3.0,2022
4,120000,4105,1,711,0,1,1,4,0,11.0,25.0,2022
2,10000,800,2,40,0,1,1,2,2,0.0,5.0,2022
2,8000,500,2,2092,0,1,1,1,2,1.0,3.0,2022
2,9500,700,2,399,0,1,1,1,2,0.0,4.0,2022
2,9000,1055,1,1798,0,1,0,2,0,0.0,1.0,2022
3,31000,1325,1,830,0,1,1,2,2,1.0,10.0,2022
2,14000,950,2,559,0,2,1,2,2,2.0,4.0,2022
1,7000,450,1,229,0,1,1,1,2,0.0,4.0,2022
3,24000,1200,2,217,0,1,1,2,2,1.0,3.0,2022
1,8000,400,1,560,0,1,1,1,2,2.0,3.0,2022
1,22000,400,2,789,0,1,1,1,2,0.0,3.0,2022
2,12000,600,2,2086,0,1,1,2,2,0.0,2.0,2022
1,5000,500,2,2085,0,2,1,1,2,1.0,2.0,2022
1,6000,400,2,740,0,2,1,1,2,3.0,4.0,2022
2,30000,1100,2,1233,0,0,1,2,2,2.0,5.0,2022
2,12000,650,2,322,0,1,1,2,2,2.0,4.0,2022
2,15000,600,2,552,0,1,1,2,2,2.0,3.0,2022
2,14000,800,2,740,0,0,1,2,2,1.0,3.0,2022
1,22000,460,1,1303,0,1,1,1,0,3.0,5.0,2022
2,40000,1380,1,689,0,1,1,2,0,2.0,9.0,2022
1,12000,500,2,217,0,1,1,1,2,1.0,3.0,2022
2,15000,825,2,766,0,2,1,2,2,0.0,2.0,2022
2,9500,700,2,2057,0,1,1,2,2,2.0,6.0,2022
2,15000,1110,1,1914,0,2,0,2,2,1.0,2.0,2022
2,15000,800,2,1487,0,1,1,2,2,2.0,4.0,2022
2,10000,810,2,2092,0,1,1,1,2,0.0,2.0,2022
4,15000,1150,2,2156,0,1,1,3,2,0.0,3.0,2022
1,7000,700,2,1177,0,1,1,1,2,3.0,4.0,2022
1,10000,300,2,352,0,2,1,1,2,2.0,3.0,2022
3,26969,1400,2,742,0,1,1,3,2,4.0,14.0,2022
1,8000,450,1,382,0,2,0,1,2,2.0,3.0,2022
3,52000,1603,1,934,0,1,1,3,0,26.0,32.0,2022
3,30000,1500,2,2026,0,1,1,2,2,1.0,1.0,2022
1,6500,200,2,1159,0,1,0,1,2,4.0,4.0,2022
3,22000,1500,2,811,0,0,1,3,2,0.0,5.0,2022
1,10000,600,2,1626,0,1,1,1,2,1.0,3.0,2022
1,6000,150,2,1191,0,0,1,1,2,3.0,4.0,2022
2,13000,750,2,878,0,1,1,2,2,0.0,4.0,2022
2,18000,1300,2,243,0,1,1,2,2,0.0,4.0,2022
4,30000,1900,2,322,0,2,1,3,2,3.0,5.0,2022
2,10000,300,1,38,0,1,1,2,2,0.0,4.0,2022
1,15000,700,2,2057,0,1,1,2,2,2.0,4.0,2022
2,70000,1325,1,1032,0,1,2,2,0,12.0,16.0,2022
2,19000,894,1,98,0,2,0,2,2,3.0,4.0,2022
2,20000,1100,2,559,0,1,1,2,2,3.0,4.0,2022
2,9000,600,2,257,0,2,1,2,2,1.0,4.0,2022
1,5000,500,2,2092,0,0,1,1,2,0.0,2.0,2022
2,27500,1000,1,780,0,0,1,2,2,4.0,4.0,2022
2,16000,850,2,1978,0,1,1,2,2,0.0,3.0,2022
1,12000,400,1,1465,0,1,1,1,2,3.0,3.0,2022
3,75000,2400,1,1457,0,1,1,4,0,5.0,14.0,2022
2,20000,1200,2,335,0,1,1,2,2,0.0,4.0,2022
1,7000,500,2,2056,0,2,1,1,2,1.0,2.0,2022
1,11000,550,2,712,0,1,1,1,2,0.0,2.0,2022
1,13500,450,1,1321,0,1,0,1,2,0.0,4.0,2022
1,17000,430,2,614,0,1,1,1,2,4.0,5.0,2022
3,55000,2430,2,690,0,1,1,3,2,4.0,5.0,2022
1,13000,500,2,559,0,0,1,2,2,4.0,5.0,2022
2,11000,600,2,559,0,1,1,1,2,2.0,5.0,2022
2,16000,805,1,1187,0,0,1,2,2,5.0,6.0,2022
2,23500,950,2,309,0,1,1,2,2,6.0,8.0,2022
2,8500,1000,1,971,0,2,0,2,0,1.0,1.0,2022
3,30000,1350,2,1307,0,0,1,3,2,14.0,14.0,2022
3,22000,1500,1,1630,0,0,1,2,2,2.0,4.0,2022
2,15000,1000,1,1647,0,2,0,2,2,1.0,3.0,2022
3,15000,800,2,1009,0,1,1,3,2,0.0,3.0,2022
2,10000,1000,1,925,0,2,0,1,2,0.0,2.0,2022
2,12500,800,2,1324,0,0,1,2,2,2.0,3.0,2022
3,24000,1550,1,346,0,1,0,3,2,1.0,2.0,2022
2,32000,1000,2,679,0,2,1,2,2,1.0,5.0,2022
2,19000,800,2,2234,0,2,1,2,2,1.0,4.0,2022
1,9000,700,2,307,0,0,1,1,2,0.0,4.0,2022
2,5500,500,2,1074,0,0,1,2,2,7.0,10.0,2022
1,15000,500,1,761,0,1,1,1,2,2.0,3.0,2022
2,14000,900,2,1802,0,1,1,2,2,1.0,4.0,2022
3,27000,1200,2,866,0,2,0,2,2,2.0,3.0,2022
2,14000,1000,2,1983,0,1,1,2,2,1.0,2.0,2022
3,43000,1680,1,1792,0,2,0,3,0,4.0,9.0,2022
2,30000,1100,1,899,0,1,0,2,0,2.0,5.0,2022
2,50000,1200,1,1101,0,0,0,1,0,1.0,5.0,2022
1,15000,900,1,1221,0,1,1,2,2,1.0,3.0,2022
3,25000,1600,1,2088,0,1,0,3,0,3.0,4.0,2022
2,25500,1475,1,1704,0,0,1,2,0,4.0,9.0,2022
1,6000,300,2,23,0,2,1,1,2,1.0,2.0,2022
1,5000,400,2,2047,0,2,1,1,2,1.0,2.0,2022
1,10000,550,2,335,0,1,2,1,2,1.0,4.0,2022
1,15000,400,2,1338,0,2,1,1,2,1.0,5.0,2022
1,5000,500,2,1945,0,2,2,1,2,1.0,2.0,2022
3,17000,1200,2,1232,0,2,1,3,2,2.0,2.0,2022
2,14000,1300,2,424,0,1,1,2,2,2.0,4.0,2022
3,35000,2100,2,1902,0,0,1,3,2,1.0,2.0,2022
2,35000,800,1,146,0,1,1,1,2,9.0,10.0,2022
2,16000,800,1,1303,0,1,1,1,0,1.0,4.0,2022
4,130000,4341,1,133,0,1,1,4,0,9.0,15.0,2022
2,35000,1300,2,848,0,1,1,2,2,3.0,5.0,2022
1,10000,400,1,690,0,1,1,1,2,2.0,2.0,2022
2,12000,800,2,1647,0,2,1,2,2,1.0,3.0,2022
2,10500,1000,2,214,0,2,1,1,2,0.0,3.0,2022
1,8000,400,2,717,0,1,1,1,2,1.0,5.0,2022
2,15000,1100,1,899,0,1,0,2,0,0.0,5.0,2022
2,25000,1200,1,759,0,1,1,2,0,4.0,4.0,2022
2,9000,600,2,1236,0,1,1,2,2,1.0,2.0,2022
2,30000,1700,2,1771,0,1,1,2,2,0.0,3.0,2022
2,22000,846,1,1644,0,1,1,2,2,2.0,4.0,2022
2,14000,1100,2,1065,0,2,1,2,2,1.0,3.0,2022
2,12000,700,1,369,0,1,2,1,2,1.0,2.0,2022
2,10000,110,1,981,0,2,1,2,2,1.0,1.0,2022
3,25000,900,2,921,0,1,1,3,2,0.0,1.0,2022
1,25000,420,1,693,0,1,0,1,0,17.0,18.0,2022
2,16000,800,2,811,0,1,1,2,2,1.0,4.0,2022
3,60000,1500,1,789,0,1,0,3,0,3.0,4.0,2022
1,7000,900,2,2092,0,1,1,1,2,3.0,4.0,2022
3,21000,1600,2,309,0,1,1,3,2,1.0,4.0,2022
4,250000,5700,1,2234,0,1,1,4,0,24.0,25.0,2022
1,19000,625,1,760,0,2,0,1,0,2.0,4.0,2022
4,42500,1760,1,1924,0,2,1,3,2,1.0,4.0,2022
2,11000,600,2,1321,0,0,0,1,2,0.0,3.0,2022
2,18000,1200,2,127,0,1,1,2,2,3.0,4.0,2022
1,4300,300,2,1607,0,2,1,1,2,2.0,4.0,2022
2,9000,900,2,158,0,0,2,1,2,2.0,4.0,2022
1,7000,450,2,559,0,1,1,1,2,1.0,2.0,2022
2,15000,1050,1,1249,0,1,2,2,2,2.0,2.0,2022
1,4800,580,2,981,0,1,1,1,2,0.0,1.0,2022
2,15000,600,1,916,0,2,0,2,2,0.0,3.0,2022
1,18000,550,1,1223,0,1,1,1,0,3.0,6.0,2022
2,22500,1115,2,22,0,1,1,2,2,1.0,4.0,2022
1,9500,300,1,2158,0,1,1,1,2,2.0,3.0,2022
2,12000,1200,1,23,0,1,1,2,2,1.0,3.0,2022
1,9000,900,1,336,0,1,0,1,0,3.0,5.0,2022
3,25000,1400,2,899,0,1,1,3,0,1.0,7.0,2022
1,9000,400,2,347,0,1,1,1,2,1.0,3.0,2022
2,11000,900,2,133,0,1,1,1,2,3.0,4.0,2022
1,12500,500,2,1812,0,1,1,1,2,0.0,3.0,2022
3,21000,1360,2,2234,0,1,1,2,2,1.0,4.0,2022
3,17681,1110,2,559,0,1,1,2,2,3.0,5.0,2022
3,28000,2400,2,2119,0,1,1,3,2,3.0,4.0,2022
3,30000,1700,1,934,0,1,1,3,0,19.0,26.0,2022
2,25000,980,2,1308,0,0,1,2,2,17.0,19.0,2022
2,13000,600,2,1650,0,1,1,2,2,1.0,2.0,2022
2,8000,200,1,1188,0,0,1,2,2,2.0,2.0,2022
3,35000,1300,1,269,0,1,1,2,0,3.0,4.0,2022
1,8000,750,2,878,0,2,1,1,2,0.0,3.0,2022
2,10000,850,2,433,0,2,1,2,2,2.0,4.0,2022
1,11500,600,2,811,0,1,1,1,2,3.0,4.0,2022
4,140000,3100,2,508,0,1,1,4,0,9.0,22.0,2022
2,6000,660,2,559,0,2,0,1,2,2.0,3.0,2022
2,11000,600,1,250,0,1,1,1,2,1.0,3.0,2022
1,4000,250,2,335,0,2,1,1,2,2.0,3.0,2022
2,14000,1200,2,1647,0,2,1,2,2,0.0,2.0,2022
2,24000,630,1,690,0,1,1,2,0,2.0,5.0,2022
2,11000,840,2,511,0,1,1,1,2,1.0,3.0,2022
2,10000,500,1,1223,0,2,1,1,2,-1.0,4.0,2022
3,62000,1680,1,711,0,1,0,3,2,4.0,15.0,2022
2,12000,775,1,1303,0,1,1,1,0,2.0,3.0,2022
2,18000,1000,2,246,0,1,1,2,2,3.0,4.0,2022
2,17500,900,2,712,0,1,1,2,2,0.0,2.0,2022
1,6500,500,2,41,0,1,1,1,2,2.0,5.0,2022
1,16000,550,1,408,0,1,1,1,0,2.0,5.0,2022
3,30000,1250,1,259,0,1,0,3,0,15.0,18.0,2022
2,28000,850,1,1349,0,1,1,2,0,2.0,6.0,2022
1,6500,150,2,1911,0,1,1,1,2,1.0,2.0,2022
1,9000,445,1,1303,0,1,1,1,0,1.0,3.0,2022
2,8500,500,1,561,0,1,1,2,2,2.0,3.0,2022
2,20000,750,1,2076,0,1,1,2,2,2.0,3.0,2022
3,26000,2000,1,1668,0,1,1,2,2,1.0,2.0,2022
1,8000,500,2,559,0,1,1,1,2,1.0,3.0,2022
1,8500,730,2,878,0,1,1,1,2,2.0,4.0,2022
2,12500,750,2,1371,0,1,1,2,2,1.0,4.0,2022
1,8000,600,2,1645,0,1,1,1,2,3.0,4.0,2022
3,52000,2710,2,1983,0,1,0,3,0,4.0,7.0,2022
2,18000,1190,1,241,0,1,0,2,2,3.0,4.0,2022
1,15000,435,1,1303,0,1,1,1,0,2.0,5.0,2022
2,12000,750,2,561,0,2,1,2,2,1.0,3.0,2022
3,100000,1800,1,308,0,1,1,3,0,2.0,4.0,2022
1,6000,1200,1,1093,0,0,0,1,2,3.0,5.0,2022
2,12000,600,2,335,0,1,1,1,2,2.0,3.0,2022
1,6500,450,2,1236,0,2,1,1,2,2.0,2.0,2022
3,13500,1100,2,1054,0,2,2,3,2,3.0,5.0,2022
1,10000,700,2,1321,0,2,0,1,2,1.0,1.0,2022
2,8500,650,1,157,0,0,2,2,2,8.0,8.0,2022
3,32000,1768,2,2154,0,1,2,3,0,8.0,13.0,2022
3,42000,1600,1,757,0,1,2,3,0,3.0,5.0,2022
1,7500,400,2,347,0,1,1,1,2,2.0,4.0,2022
2,16000,1200,2,981,0,1,1,2,2,1.0,4.0,2022
1,5000,500,2,1667,0,1,1,1,2,2.0,4.0,2022
2,14000,700,2,347,0,2,1,2,2,1.0,2.0,2022
4,60000,2500,2,244,0,1,2,4,2,1.0,2.0,2022
1,8500,500,2,766,0,1,1,1,2,2.0,4.0,2022
1,10000,500,1,2222,0,1,1,1,2,0.0,3.0,2022
1,8500,500,2,1681,0,1,0,1,2,1.0,2.0,2022
2,15000,1280,1,807,0,2,1,2,2,0.0,5.0,2022
2,9500,200,1,985,0,1,1,1,2,0.0,2.0,2022
2,25000,750,1,1030,0,2,1,2,0,4.0,5.0,2022
2,14000,900,2,878,0,1,1,2,2,2.0,3.0,2022
3,20000,1200,2,245,0,1,1,2,2,0.0,2.0,2022
1,10000,800,2,1647,0,2,1,1,2,1.0,1.0,2022
2,10000,500,1,44,0,2,0,1,2,2.0,4.0,2022
2,13000,1000,2,849,0,1,1,2,2,0.0,3.0,2022
2,13000,850,1,1924,0,1,2,2,2,-1.0,2.0,2022
2,24000,900,1,1030,0,1,1,2,0,2.0,5.0,2022
1,10000,600,2,1908,0,1,1,1,2,3.0,4.0,2022
1,8000,600,2,1159,0,2,1,1,2,2.0,4.0,2022
1,6000,600,2,257,0,2,1,1,2,1.0,4.0,2022
3,21000,1250,2,1227,0,1,1,2,2,0.0,1.0,2022
3,25000,2000,2,745,0,1,1,3,2,1.0,1.0,2022
2,8500,532,1,1962,0,2,0,1,2,1.0,2.0,2022
2,13000,1000,2,2141,0,2,1,2,2,1.0,4.0,2022
1,5000,150,2,1630,0,2,1,1,2,2.0,3.0,2022
1,7500,500,2,1159,0,1,1,1,2,1.0,4.0,2022
1,13900,600,1,1338,0,1,1,1,0,1.0,4.0,2022
2,15000,1100,1,2041,0,0,0,2,2,3.0,3.0,2022
3,30000,1500,1,1487,0,1,1,3,0,4.0,4.0,2022
2,13000,500,1,1030,0,1,0,1,0,2.0,5.0,2022
1,7700,600,1,1874,0,1,1,1,2,1.0,2.0,2022
2,25000,1200,2,2154,0,2,1,1,2,5.0,12.0,2022
2,17000,1100,2,899,0,1,1,2,2,1.0,4.0,2022
3,39000,1550,1,716,0,1,1,3,0,1.0,13.0,2022
2,18000,1050,1,2057,0,1,1,2,2,1.0,3.0,2022
1,15000,500,2,1829,0,1,1,1,2,1.0,2.0,2022
2,28000,1500,2,1845,0,1,1,2,2,1.0,4.0,2022
2,17500,1150,1,2088,0,1,2,2,0,3.0,4.0,2022
4,75000,2000,2,759,0,0,1,3,2,0.0,2.0,2022
2,14000,110,1,1594,0,1,1,1,2,1.0,2.0,2022
1,9000,500,2,866,0,1,1,1,2,3.0,4.0,2022
3,20000,1465,2,1931,0,1,1,3,2,2.0,4.0,2022
2,12000,940,1,159,0,1,1,2,2,2.0,5.0,2022
2,12000,850,2,245,0,1,1,1,2,0.0,4.0,2022
2,24000,990,1,2021,0,0,1,2,2,14.0,30.0,2022
2,12000,750,2,180,0,1,1,2,2,0.0,3.0,2022
1,10000,500,2,614,0,1,1,1,2,2.0,3.0,2022
3,24000,1430,2,866,0,1,1,2,2,2.0,3.0,2022
1,9000,600,1,386,0,1,2,1,2,3.0,4.0,2022
2,12000,900,1,852,0,1,1,1,2,1.0,2.0,2022
2,11000,1100,2,1026,0,1,1,2,2,0.0,2.0,2022
2,15000,900,1,2078,0,1,1,1,2,1.0,3.0,2022
1,5500,600,2,343,0,1,1,1,2,2.0,3.0,2022
2,18000,1000,1,1054,0,1,2,2,2,0.0,4.0,2022
2,42000,1150,1,1030,0,0,0,2,0,2.0,4.0,2022
2,18000,1250,2,478,0,1,1,2,2,1.0,4.0,2022
2,15000,1000,2,866,0,1,1,2,2,1.0,4.0,2022
1,6000,500,2,560,0,1,1,1,2,2.0,3.0,2022
3,30000,2000,2,865,0,1,1,3,2,1.0,1.0,2022
2,12000,850,2,419,0,1,1,2,2,0.0,2.0,2022
2,10000,990,1,709,0,1,1,2,2,0.0,2.0,2022
2,9500,850,1,1608,0,1,0,1,2,1.0,2.0,2022
2,16000,1000,2,899,0,1,1,2,2,4.0,5.0,2022
2,9500,650,2,1325,0,1,1,2,2,4.0,5.0,2022
1,6500,400,1,2234,0,1,1,1,2,2.0,2.0,2022
2,13500,1000,1,1307,0,1,1,2,2,2.0,2.0,2022
2,25000,1350,2,501,0,1,1,2,2,12.0,13.0,2022
2,9500,600,2,708,0,1,1,2,2,2.0,3.0,2022
4,190000,4000,2,1030,0,0,1,5,2,0.0,2.0,2022
2,90000,950,1,21,0,2,1,2,2,4.0,5.0,2022
2,24000,777,1,2154,0,1,2,2,0,4.0,8.0,2022
3,15000,1200,1,559,0,1,1,2,2,2.0,4.0,2022
2,22000,1600,2,1014,0,0,1,3,2,0.0,2.0,2022
3,34000,1500,1,2160,0,1,0,3,0,14.0,20.0,2022
2,12500,570,2,337,0,1,1,2,2,1.0,3.0,2022
3,28000,1800,1,1308,0,1,1,3,2,18.0,19.0,2022
2,12000,1100,2,133,0,1,1,1,2,1.0,3.0,2022
1,8000,400,2,1108,0,2,1,1,2,0.0,2.0,2022
1,7500,750,1,274,0,1,1,1,2,1.0,1.0,2022
2,34000,1400,1,686,0,0,0,2,0,5.0,5.0,2022
3,32000,1789,2,2154,0,1,2,3,0,8.0,13.0,2022
2,14500,650,1,1231,0,1,1,1,2,1.0,2.0,2022
2,16000,1200,2,766,0,1,1,2,2,2.0,4.0,2022
1,7500,460,2,1864,0,1,1,1,2,3.0,4.0,2022
2,7500,500,1,931,0,1,1,1,2,1.0,2.0,2022
2,19500,1080,1,252,0,1,2,2,2,0.0,2.0,2022
3,75000,2000,1,492,0,0,0,2,0,1.0,5.0,2022
2,16500,1100,2,708,0,1,1,2,2,2.0,3.0,2022
2,14500,1025,2,378,0,2,0,2,2,8.0,9.0,2022
2,16000,650,1,132,0,2,1,2,2,0.0,3.0,2022
2,8000,800,2,1159,0,1,1,1,2,1.0,3.0,2022
3,280000,2800,1,1626,0,0,1,3,0,6.0,30.0,2022
2,21000,1100,1,716,0,0,0,2,0,3.0,4.0,2022
3,30000,1300,1,1233,0,1,0,3,0,2.0,4.0,2022
3,65000,2000,2,583,0,1,0,3,0,3.0,6.0,2022
3,180000,2500,1,1164,0,2,0,3,0,4.0,8.0,2022
2,10000,600,2,739,0,1,1,2,2,2.0,4.0,2022
2,12000,630,2,2141,0,0,1,2,2,3.0,5.0,2022
2,9000,550,2,752,0,2,1,2,2,0.0,2.0,2022
2,22000,1025,2,244,0,1,2,2,2,3.0,3.0,2022
1,10000,500,1,897,0,1,0,1,2,1.0,4.0,2022
3,48000,1286,1,711,0,1,0,3,0,8.0,16.0,2022
1,11000,800,2,40,0,1,1,1,2,0.0,4.0,2022
2,11000,900,2,1866,0,1,1,2,2,1.0,3.0,2022
3,40000,1618,2,2156,0,1,1,3,2,2.0,4.0,2022
1,10000,500,2,1224,0,1,1,1,2,2.0,5.0,2022
1,6500,450,1,607,0,1,1,1,2,0.0,2.0,2022
2,18000,850,2,1461,0,1,1,2,2,3.0,4.0,2022
3,22000,1374,2,934,0,1,2,2,0,0.0,16.0,2022
3,28000,1600,2,217,0,1,1,3,2,2.0,4.0,2022
1,6200,400,2,1321,0,1,1,1,2,2.0,3.0,2022
3,110000,1500,1,711,0,0,1,3,0,6.0,16.0,2022
2,5500,800,2,982,0,2,1,1,2,1.0,4.0,2022
3,50000,1580,1,1031,0,2,0,3,0,3.0,3.0,2022
2,12000,700,1,46,0,1,1,1,2,0.0,2.0,2022
2,11500,700,2,1726,0,1,1,1,2,0.0,2.0,2022
1,16000,550,1,506,0,1,1,1,0,1.0,7.0,2022
1,11000,450,1,1050,0,1,1,1,0,4.0,4.0,2022
4,150000,4550,2,828,0,1,2,5,0,3.0,5.0,2022
1,9000,400,2,1104,0,1,0,1,2,1.0,1.0,2022
1,6000,650,2,857,0,1,1,1,2,0.0,3.0,2022
2,12000,700,2,193,0,1,1,2,2,1.0,4.0,2022
2,16000,1333,2,1288,0,2,0,2,2,2.0,4.0,2022
3,35000,1500,1,2066,0,1,1,2,0,1.0,4.0,2022
1,9000,425,1,1303,0,1,1,1,0,2.0,5.0,2022
1,8000,300,2,54,0,2,1,1,2,0.0,3.0,2022
2,13500,650,1,2092,0,2,2,2,2,2.0,3.0,2022
2,14000,800,2,215,0,1,2,2,2,0.0,2.0,2022
2,14000,1200,1,1902,0,1,2,2,2,2.0,3.0,2022
1,4700,500,2,398,0,2,1,1,2,1.0,4.0,2022
2,17000,1000,2,1241,0,1,1,2,2,3.0,4.0,2022
2,11000,600,2,878,0,1,1,2,2,1.0,3.0,2022
1,12000,600,2,1983,0,1,1,1,2,2.0,3.0,2022
3,30000,1875,2,862,0,1,1,2,2,3.0,3.0,2022
2,12000,1000,2,878,0,1,1,2,2,0.0,4.0,2022
3,21000,1300,2,749,0,0,1,2,2,3.0,3.0,2022
1,6000,350,2,1931,0,2,1,1,2,3.0,4.0,2022
2,18500,900,2,1626,0,2,1,2,2,2.0,3.0,2022
1,4750,200,1,369,0,1,1,1,2,2.0,2.0,2022
2,15000,700,2,2160,0,1,1,2,2,1.0,5.0,2022
2,17600,1000,1,753,0,1,0,2,2,1.0,4.0,2022
3,35000,1700,1,1983,0,1,1,3,0,10.0,13.0,2022
2,8000,600,2,2024,0,1,1,1,2,2.0,3.0,2022
1,7000,650,2,1667,0,1,1,1,2,2.0,5.0,2022
2,15000,750,2,346,0,1,1,1,2,0.0,2.0,2022
3,30000,1750,2,422,0,1,1,3,2,1.0,3.0,2022
3,100000,1950,1,1033,0,1,1,3,0,3.0,3.0,2022
2,18000,1065,1,745,0,1,1,2,0,2.0,5.0,2022
2,8000,600,2,1315,0,1,1,1,2,0.0,1.0,2022
2,9000,600,2,1074,0,1,1,1,2,2.0,4.0,2022
1,6000,500,2,505,0,2,1,1,2,0.0,2.0,2022
2,7500,600,2,878,0,1,1,1,2,0.0,2.0,2022
1,15000,600,1,16,0,1,1,1,0,5.0,5.0,2022
2,10000,900,1,397,0,1,1,1,2,1.0,1.0,2022
2,14000,500,2,1845,0,1,1,2,2,0.0,3.0,2022
1,7000,600,2,1931,0,2,1,1,2,2.0,3.0,2022
3,60000,1710,1,89,0,2,1,3,0,6.0,18.0,2022
1,6000,600,2,503,0,2,0,1,2,3.0,4.0,2022
3,17000,1100,1,118,0,1,1,2,2,1.0,3.0,2022
2,15000,920,2,2154,0,1,1,2,2,4.0,4.0,2022
1,8200,750,2,44,0,1,1,1,2,2.0,4.0,2022
1,8500,300,2,322,0,1,1,1,2,2.0,3.0,2022
3,20000,1660,1,507,0,1,1,2,2,1.0,3.0,2022
1,8000,400,2,2106,0,1,1,1,2,2.0,3.0,2022
2,20000,300,2,1320,0,1,1,1,2,1.0,3.0,2022
1,11500,300,1,431,0,2,0,1,2,1.0,2.0,2022
3,30000,2000,1,828,0,0,1,2,2,3.0,3.0,2022
3,22000,1200,1,504,0,1,0,3,2,4.0,4.0,2022
1,6500,300,2,711,0,1,1,1,2,2.0,3.0,2022
1,6500,700,2,752,0,2,1,1,2,0.0,1.0,2022
2,16000,850,2,862,0,1,1,3,2,0.0,2.0,2022
1,24000,700,1,510,0,0,1,1,0,7.0,7.0,2022
1,15000,455,1,1303,0,1,1,1,0,2.0,4.0,2022
2,18000,1000,1,1739,0,1,1,2,2,0.0,4.0,2022
1,8500,600,2,1845,0,1,1,1,2,1.0,2.0,2022
1,4000,250,2,2092,0,2,1,1,2,0.0,2.0,2022
1,5000,400,2,1945,0,2,1,1,2,1.0,2.0,2022
2,22000,1200,1,1159,0,1,1,2,0,3.0,5.0,2022
1,12000,500,1,561,0,1,0,1,2,2.0,5.0,2022
1,9000,350,2,335,0,2,1,1,2,2.0,3.0,2022
2,7500,1100,2,2107,0,1,1,2,2,0.0,3.0,2022
2,30000,1650,2,602,0,2,1,3,2,2.0,3.0,2022
4,14000,1000,2,560,0,1,1,2,2,0.0,4.0,2022
2,9250,500,2,214,0,1,1,1,2,2.0,3.0,2022
1,13000,700,2,624,0,1,1,2,2,1.0,5.0,2022
2,12000,1200,2,2092,0,2,1,2,2,0.0,5.0,2022
1,12000,600,2,2143,0,2,1,1,2,1.0,2.0,2022
2,10000,925,2,559,0,2,1,2,2,2.0,5.0,2022
3,60000,2400,1,1030,0,1,0,3,0,0.0,8.0,2022
3,35000,1500,1,711,0,1,1,3,0,1.0,9.0,2022
2,12000,600,2,511,0,2,1,2,2,0.0,4.0,2022
1,14000,435,1,1303,0,1,1,1,0,3.0,5.0,2022
1,8000,650,1,1901,0,1,1,1,2,0.0,1.0,2022
2,11000,700,1,2041,0,1,1,2,2,0.0,2.0,2022
2,20000,890,1,2154,0,1,1,2,0,5.0,12.0,2022
1,12500,600,2,708,0,0,1,1,2,3.0,4.0,2022
2,35000,1250,1,438,0,1,1,2,0,3.0,4.0,2022
3,26000,1350,1,1159,0,1,1,2,0,2.0,5.0,2022
3,85000,2600,1,711,0,1,2,4,0,8.0,18.0,2022
1,14000,440,1,1303,0,1,1,1,0,2.0,5.0,2022
2,22000,1150,1,559,0,1,1,2,2,1.0,4.0,2022
1,7000,450,2,560,0,1,1,1,2,2.0,4.0,2022
2,16000,1150,2,1417,0,0,1,2,2,3.0,5.0,2022
2,11000,600,1,652,0,2,0,1,2,2.0,5.0,2022
2,20000,980,1,2154,0,1,2,2,0,4.0,12.0,2022
3,60000,1850,1,690,0,0,1,3,2,3.0,3.0,2022
2,5000,625,1,893,0,1,1,2,2,1.0,3.0,2022
1,4000,100,2,805,0,1,1,2,2,2.0,3.0,2022
2,15000,1200,1,2057,0,1,1,1,2,1.0,1.0,2022
3,18000,1200,1,192,0,1,1,2,2,0.0,4.0,2022
2,12000,1080,1,1572,0,1,0,1,2,1.0,2.0,2022
1,8500,700,2,98,0,1,1,1,2,1.0,3.0,2022
2,11000,800,2,1487,0,2,1,2,2,0.0,1.0,2022
3,42000,1880,2,2234,0,1,2,2,2,14.0,14.0,2022
2,25000,1305,2,827,0,1,1,2,2,1.0,8.0,2022
1,8500,600,2,1735,0,1,1,1,2,3.0,5.0,2022
2,12500,950,2,2155,0,1,1,2,2,2.0,8.0,2022
2,18000,1188,2,714,0,2,1,2,2,0.0,4.0,2022
1,6000,500,2,2092,0,2,1,1,2,2.0,3.0,2022
2,9000,875,2,987,0,1,1,2,2,0.0,1.0,2022
3,54000,2100,1,2144,0,2,0,3,0,3.0,4.0,2022
3,22000,1200,2,127,0,0,1,2,2,2.0,4.0,2022
3,120000,2390,2,1626,0,1,1,3,2,3.0,17.0,2022
1,7000,600,2,1647,0,1,1,1,2,1.0,3.0,2022
2,28000,1150,1,757,0,1,2,2,0,1.0,2.0,2022
3,55000,1788,1,1034,0,1,2,3,0,0.0,1.0,2022
2,19000,1250,2,559,0,1,1,2,2,3.0,3.0,2022
1,11000,600,1,1159,0,1,1,1,0,4.0,5.0,2022
3,18000,1600,2,2106,0,1,1,2,2,2.0,4.0,2022
3,70000,1520,1,1808,0,1,1,4,0,23.0,25.0,2022
1,12000,550,1,1030,0,1,0,1,0,1.0,3.0,2022
2,18000,1100,2,878,0,1,1,2,2,2.0,4.0,2022
2,30000,1100,1,759,0,1,1,2,0,2.0,5.0,2022
2,10000,1100,2,398,0,1,1,2,2,0.0,3.0,2022
1,6000,400,2,1346,0,2,1,1,2,1.0,3.0,2022
1,4500,300,2,2117,0,1,1,1,2,3.0,3.0,2022
1,8000,500,2,1630,0,1,1,1,2,0.0,3.0,2022
2,20000,1100,1,716,0,0,0,2,0,3.0,4.0,2022
2,17500,1000,1,499,0,2,2,2,2,1.0,3.0,2022
2,22000,850,2,864,0,1,1,2,2,0.0,4.0,2022
2,17000,1020,2,322,0,1,1,2,2,2.0,5.0,2022
2,22000,1250,2,932,0,2,0,2,2,1.0,1.0,2022
3,24000,1400,2,830,0,1,1,3,2,2.0,4.0,2022
1,12000,600,2,1030,0,2,1,1,2,1.0,3.0,2022
1,4500,200,2,1945,0,2,1,1,2,4.0,5.0,2022
1,5000,300,2,244,0,2,1,1,2,0.0,3.0,2022
1,6000,400,2,2132,0,0,1,1,2,1.0,3.0,2022
1,11000,450,2,1629,0,1,1,1,2,3.0,4.0,2022
2,20000,1180,2,347,0,1,1,2,2,1.0,4.0,2022
3,35000,1460,1,827,0,2,0,3,0,6.0,12.0,2022
3,24000,1464,1,1866,0,1,1,3,2,2.0,5.0,2022
2,10000,700,1,864,0,1,0,2,2,-1.0,3.0,2022
2,16000,680,1,477,0,1,1,2,2,1.0,10.0,2022
3,100000,2750,1,1564,0,1,0,4,0,5.0,9.0,2022
2,14000,800,2,2092,0,1,1,1,2,0.0,2.0,2022
2,7500,600,1,960,0,2,0,1,2,3.0,4.0,2022
3,16000,1200,1,667,0,2,0,3,2,1.0,4.0,2022
4,65000,3200,1,1036,0,1,1,3,0,18.0,19.0,2022
2,18000,1800,2,712,0,1,1,2,2,1.0,3.0,2022
1,8000,500,2,583,0,0,1,1,2,2.0,2.0,2022
2,11000,1200,2,898,0,2,1,2,2,0.0,2.0,2022
1,8000,750,2,1552,0,2,1,1,2,1.0,3.0,2022
1,13000,700,2,587,0,1,1,2,2,1.0,5.0,2022
2,30000,1000,1,2160,0,2,0,2,0,12.0,23.0,2022
2,14000,800,2,989,2,1,1,2,2,1.0,3.0,2022
1,20000,200,2,705,2,0,0,1,2,0.0,2.0,2022
3,80000,1800,1,1891,2,1,1,3,2,1.0,3.0,2022
1,9500,400,1,1369,2,2,1,1,0,2.0,4.0,2022
3,14000,600,1,2200,2,2,0,3,0,2.0,4.0,2022
3,65000,1550,1,1847,2,1,0,3,0,1.0,3.0,2022
2,18500,650,1,584,2,2,0,2,2,2.0,4.0,2022
2,40000,850,1,83,2,2,1,2,0,2.0,4.0,2022
4,90000,2000,1,2058,2,2,0,4,0,0.0,4.0,2022
1,3500,180,2,601,2,2,1,1,2,0.0,2.0,2022
3,25000,140,1,835,2,1,0,2,0,0.0,3.0,2022
1,9000,450,1,1916,2,1,1,1,2,1.0,4.0,2022
3,90000,2500,1,1388,2,1,1,3,0,1.0,3.0,2022
1,22000,720,1,1823,2,2,1,1,2,3.0,3.0,2022
2,12000,400,1,2200,2,2,0,1,0,2.0,4.0,2022
2,11000,450,1,2039,2,2,0,1,2,1.0,4.0,2022
1,20000,250,1,1413,2,1,1,1,2,1.0,1.0,2022
4,260000,3000,2,1731,2,1,1,5,0,4.0,4.0,2022
2,11000,550,1,1382,2,2,0,2,0,3.0,5.0,2022
2,10000,450,1,1486,2,2,1,1,2,3.0,4.0,2022
3,60000,2500,1,1749,2,2,0,3,0,2.0,3.0,2022
4,350000,800,2,663,2,2,1,4,0,1.0,4.0,2022
2,16000,100,2,1695,2,2,0,2,2,3.0,3.0,2022
1,16000,400,1,1910,2,0,0,1,2,2.0,3.0,2022
2,12000,750,1,531,2,1,0,2,2,1.0,3.0,2022
1,8000,400,1,1102,2,1,1,1,0,1.0,4.0,2022
3,14000,1100,1,531,2,1,1,2,0,0.0,3.0,2022
1,14900,450,1,1690,2,0,1,1,2,0.0,5.0,2022
2,15000,850,1,1694,2,2,1,2,2,3.0,3.0,2022
3,10000,600,1,1102,2,1,1,1,0,3.0,4.0,2022
2,40000,750,1,1398,2,2,1,2,0,1.0,4.0,2022
1,9000,500,1,1369,2,1,0,1,0,1.0,4.0,2022
1,7000,350,1,1102,2,1,1,1,0,2.0,4.0,2022
2,13500,623,1,601,2,0,1,1,2,2.0,3.0,2022
3,95000,2400,1,661,2,1,0,3,0,3.0,4.0,2022
1,20000,75,1,1193,2,2,1,1,0,2.0,4.0,2022
2,7500,450,1,1102,2,1,1,1,2,1.0,5.0,2022
2,9000,445,1,1468,2,2,1,2,2,4.0,4.0,2022
3,80000,300,1,661,2,0,0,3,0,1.0,3.0,2022
3,50000,1670,2,1271,2,1,1,3,2,3.0,4.0,2022
1,13000,550,1,1749,2,1,0,1,0,1.0,4.0,2022
1,12000,350,1,394,2,1,0,1,0,4.0,4.0,2022
2,16000,650,1,394,2,1,1,2,0,2.0,4.0,2022
2,13000,70,2,2096,2,1,1,1,2,1.0,3.0,2022
2,29000,100,1,1888,2,1,1,2,2,1.0,3.0,2022
3,18000,800,2,697,2,2,1,1,2,2.0,3.0,2022
2,8500,60,2,1331,2,2,1,1,2,2.0,2.0,2022
3,27000,2000,1,1019,2,1,1,2,2,1.0,3.0,2022
2,18000,600,1,139,2,2,1,2,2,1.0,4.0,2022
1,11500,450,1,300,2,1,0,1,2,3.0,4.0,2022
2,80000,2200,1,472,2,2,0,3,0,1.0,4.0,2022
2,15500,600,1,2174,2,2,0,2,2,1.0,4.0,2022
4,55000,2000,1,542,2,1,1,3,0,2.0,4.0,2022
2,20000,800,2,1193,2,1,1,2,2,3.0,4.0,2022
3,35000,170,1,415,2,2,1,2,0,4.0,4.0,2022
2,38000,150,1,1193,2,2,1,2,0,0.0,4.0,2022
2,16000,650,1,584,2,2,1,2,2,3.0,4.0,2022
3,50000,1250,1,417,2,1,1,3,0,2.0,4.0,2022
1,9500,600,2,394,2,1,1,2,2,2.0,4.0,2022
4,90000,2100,1,905,2,1,1,4,0,3.0,3.0,2022
1,10000,450,2,1690,2,2,0,1,2,3.0,4.0,2022
2,25000,100,1,1076,2,2,0,2,2,2.0,4.0,2022
1,30000,650,2,1075,2,0,1,1,2,3.0,4.0,2022
2,12000,48,2,1688,2,2,1,2,2,1.0,3.0,2022
2,16500,550,1,678,2,1,1,2,2,4.0,4.0,2022
1,4500,240,2,494,2,2,1,1,2,1.0,2.0,2022
2,30000,700,1,2060,2,1,0,2,2,3.0,3.0,2022
1,12000,48,2,1686,2,1,1,1,2,1.0,2.0,2022
2,23000,100,2,1220,2,2,1,2,2,0.0,3.0,2022
3,70000,1901,2,2030,2,1,1,3,2,9.0,11.0,2022
1,5500,50,1,1072,2,2,1,1,2,1.0,4.0,2022
3,35000,1300,1,459,2,1,0,3,0,3.0,4.0,2022
2,9000,145,2,1466,2,2,1,2,2,1.0,3.0,2022
2,22000,800,1,139,2,2,1,3,0,2.0,3.0,2022
3,35000,1100,2,915,2,1,1,4,2,1.0,3.0,2022
1,12000,450,2,539,2,1,1,1,2,2.0,2.0,2022
2,6000,300,1,853,2,2,1,1,2,3.0,4.0,2022
2,22000,1040,1,834,2,1,0,3,2,1.0,2.0,2022
1,5000,25,1,603,2,2,1,1,2,2.0,5.0,2022
2,20500,900,2,779,2,1,1,2,2,0.0,9.0,2022
2,7500,1100,2,306,2,2,1,1,2,3.0,4.0,2022
2,5500,380,2,1561,2,2,1,2,2,1.0,1.0,2022
3,25000,450,1,599,2,1,0,2,2,2.0,2.0,2022
1,13000,550,1,1078,2,1,0,1,0,3.0,4.0,2022
1,5000,180,2,1292,2,1,1,1,2,0.0,3.0,2022
3,40000,1650,1,459,2,1,1,2,2,1.0,3.0,2022
1,12500,250,2,784,2,0,1,1,2,1.0,5.0,2022
1,6000,400,1,1609,2,2,1,1,2,0.0,5.0,2022
2,15500,900,1,2129,2,1,1,2,0,0.0,3.0,2022
3,75000,1900,2,1193,2,0,1,3,2,2.0,3.0,2022
3,36000,892,1,618,2,2,1,2,2,2.0,4.0,2022
1,13000,400,1,395,2,1,0,1,0,0.0,4.0,2022
3,45000,100,1,1206,2,2,0,2,2,1.0,2.0,2022
2,2000,60,2,1639,2,2,1,1,2,1.0,1.0,2022
2,28000,80,2,835,2,1,1,2,2,1.0,5.0,2022
2,9000,450,1,1102,2,1,1,1,0,2.0,4.0,2022
1,12000,520,1,620,2,1,1,1,2,3.0,4.0,2022
1,13000,350,2,1696,2,0,1,1,2,1.0,5.0,2022
2,11000,600,1,168,2,1,0,2,2,2.0,3.0,2022
3,35000,950,1,963,2,0,0,2,0,1.0,4.0,2022
2,10000,450,1,1102,2,1,1,1,0,1.0,4.0,2022
1,20000,450,1,963,2,1,0,1,0,1.0,4.0,2022
2,25000,850,1,963,2,1,0,2,0,2.0,4.0,2022
1,8000,200,1,2200,2,2,0,1,0,3.0,4.0,2022
4,150000,3000,1,1731,2,1,1,4,0,1.0,4.0,2022
3,36000,1500,1,1169,2,1,1,3,2,2.0,3.0,2022
2,12000,700,2,1922,2,2,1,2,2,0.0,4.0,2022
1,8500,530,2,1468,2,2,1,1,2,0.0,3.0,2022
3,17000,800,1,2200,2,2,0,2,0,2.0,4.0,2022
1,7500,45,2,1102,2,1,1,1,2,1.0,5.0,2022
1,16000,900,2,914,2,0,1,1,2,3.0,4.0,2022
1,9000,450,2,1258,2,2,1,1,2,1.0,4.0,2022
2,8000,650,2,1660,2,2,1,1,2,1.0,4.0,2022
2,45000,900,2,1076,2,0,1,2,2,2.0,4.0,2022
2,27000,900,1,1597,2,0,1,2,2,4.0,4.0,2022
2,14000,120,2,531,2,1,1,2,2,1.0,4.0,2022
2,14000,600,1,2200,2,2,0,2,0,2.0,4.0,2022
2,14000,615,1,1102,2,2,1,2,2,2.0,4.0,2022
1,7500,225,1,954,2,1,1,1,2,0.0,2.0,2022
1,10000,800,1,1499,2,2,0,1,2,1.0,4.0,2022
1,7000,400,1,168,2,1,0,1,2,4.0,4.0,2022
1,25000,800,2,1292,2,0,1,2,2,4.0,5.0,2022
2,9000,60,2,1258,2,1,1,1,2,1.0,3.0,2022
3,22000,1000,2,997,2,2,1,2,2,1.0,24.0,2022
3,10000,75,2,1734,2,2,1,1,2,4.0,5.0,2022
3,11000,800,2,701,2,2,1,2,2,1.0,4.0,2022
1,12500,200,2,930,2,0,1,1,2,3.0,3.0,2022
3,15000,800,1,2200,2,2,0,2,0,2.0,4.0,2022
2,35000,80,2,930,2,2,1,2,2,1.0,3.0,2022
2,35000,900,2,1075,2,2,2,2,2,2.0,4.0,2022
2,52000,1125,2,1749,2,0,1,2,2,2.0,5.0,2022
3,15000,900,2,531,2,2,1,2,2,3.0,4.0,2022
2,32000,1100,1,1636,2,2,0,2,0,3.0,3.0,2022
1,11500,400,1,1078,2,2,1,1,0,2.0,4.0,2022
3,45000,713,1,1562,2,0,1,3,2,1.0,1.0,2022
2,16000,700,1,1817,2,2,0,1,0,4.0,4.0,2022
2,20000,1000,1,1047,2,1,1,2,2,2.0,3.0,2022
1,7000,54,2,1363,2,1,1,1,2,3.0,5.0,2022
3,85000,200,1,1847,2,2,0,3,0,3.0,3.0,2022
1,15000,200,2,446,2,0,1,1,2,4.0,4.0,2022
2,22000,800,2,394,2,0,1,2,2,3.0,3.0,2022
2,32000,1000,2,1076,2,2,1,2,2,1.0,3.0,2022
2,20000,500,1,2059,2,1,0,2,2,4.0,4.0,2022
1,35000,300,2,1636,2,1,1,1,2,3.0,5.0,2022
2,35000,900,1,1076,2,2,1,2,0,0.0,4.0,2022
3,65000,240,1,1749,2,2,1,3,0,1.0,4.0,2022
2,15000,650,1,575,2,1,1,2,2,0.0,3.0,2022
3,12000,950,1,1040,2,1,0,2,2,3.0,5.0,2022
1,8000,500,2,536,2,1,1,1,2,0.0,3.0,2022
1,11000,500,2,1467,2,1,1,1,2,2.0,5.0,2022
2,12000,450,2,1218,2,1,1,2,2,4.0,4.0,2022
4,140000,2800,1,1388,2,1,1,4,0,0.0,4.0,2022
2,24000,150,2,1502,2,1,1,1,2,1.0,2.0,2022
1,20000,400,1,1078,2,0,1,1,0,3.0,4.0,2022
3,16000,100,2,832,2,0,1,2,2,3.0,4.0,2022
1,15000,400,1,1078,2,1,1,1,0,3.0,4.0,2022
2,28500,900,1,1502,2,1,1,2,0,0.0,4.0,2022
3,30000,1350,2,2067,2,1,2,3,2,1.0,7.0,2022
1,16000,500,2,1102,2,1,1,1,2,1.0,4.0,2022
3,80000,1700,1,1847,2,0,0,3,0,1.0,4.0,2022
1,11000,400,1,1078,2,2,1,1,0,2.0,4.0,2022
2,21000,110,2,838,2,1,1,1,2,2.0,3.0,2022
3,10500,1200,2,1331,2,1,1,2,2,1.0,4.0,2022
2,15000,50,1,533,2,1,1,2,2,2.0,4.0,2022
3,16000,100,2,696,2,1,1,2,0,2.0,3.0,2022
2,45000,1000,2,902,2,0,1,2,2,2.0,3.0,2022
1,6000,63,2,1691,2,0,1,1,2,4.0,4.0,2022
3,40000,1800,2,2058,2,1,1,2,2,0.0,3.0,2022
2,36000,1440,1,416,2,1,0,2,0,2.0,3.0,2022
2,12000,55,2,2039,2,2,1,2,2,0.0,4.0,2022
3,45000,1500,1,1986,2,2,0,3,2,1.0,12.0,2022
2,20000,400,2,967,2,2,1,1,2,,,2022
3,10000,100,1,1046,2,0,1,2,2,1.0,4.0,2022
2,5000,500,2,1767,2,2,1,1,2,1.0,3.0,2022
2,8000,100,2,1697,2,2,1,2,2,0.0,3.0,2022
2,13000,455,2,442,2,2,1,1,2,1.0,4.0,2022
2,15000,80,1,103,2,1,1,1,2,3.0,4.0,2022
2,7500,450,2,342,2,2,1,1,2,0.0,2.0,2022
1,6000,400,2,1589,2,2,1,1,2,0.0,1.0,2022
4,100000,300,2,2058,2,2,1,4,2,1.0,3.0,2022
2,12000,700,2,1694,2,1,1,2,2,2.0,3.0,2022
2,10000,600,2,1276,2,1,1,2,2,4.0,5.0,2022
2,10000,800,2,292,2,1,1,2,2,2.0,3.0,2022
2,12000,950,2,371,2,2,1,2,2,2.0,3.0,2022
2,15000,450,2,1817,2,1,1,1,2,4.0,4.0,2022
1,10000,450,1,1604,2,2,1,1,2,1.0,3.0,2022
2,12000,68,2,2039,2,2,1,1,2,3.0,5.0,2022
2,14500,850,1,1637,2,2,1,2,0,2.0,4.0,2022
2,18500,1000,2,1039,2,1,1,2,2,3.0,4.0,2022
1,24000,600,1,1636,2,0,0,1,0,4.0,4.0,2022
2,11000,65,2,1382,2,2,1,1,2,0.0,4.0,2022
3,52000,1700,1,2058,2,1,0,3,0,1.0,1.0,2022
3,70000,1800,1,1077,2,1,1,3,0,0.0,4.0,2022
2,12000,1000,2,2039,2,1,1,1,2,3.0,4.0,2022
2,22000,900,1,1510,2,1,0,2,0,2.0,4.0,2022
4,200000,2300,2,1830,2,1,1,4,2,1.0,1.0,2022
2,20000,75,2,663,2,2,1,2,2,1.0,3.0,2022
3,45000,200,1,1505,2,1,0,3,0,1.0,4.0,2022
1,8000,200,1,2200,2,2,0,1,0,2.0,4.0,2022
1,8000,200,1,2200,2,2,0,1,0,2.0,4.0,2022
2,9500,450,1,1102,2,1,1,1,0,3.0,4.0,2022
2,25000,750,1,963,2,0,0,2,0,1.0,4.0,2022
2,12000,400,1,2200,2,2,0,1,0,1.0,4.0,2022
2,24000,84,1,1502,2,1,0,2,0,1.0,4.0,2022
2,27000,90,2,1701,2,2,1,2,2,2.0,3.0,2022
2,18000,90,2,1219,2,1,1,2,2,2.0,4.0,2022
2,17000,500,2,1075,2,1,1,2,2,1.0,3.0,2022
2,15000,75,2,34,2,2,1,2,2,4.0,5.0,2022
1,13000,512,1,1506,2,0,1,1,0,1.0,3.0,2022
3,70000,1500,1,2058,2,1,0,3,0,1.0,3.0,2022
1,14000,446,2,83,2,2,1,1,2,2.0,4.0,2022
3,32000,1100,2,592,2,1,1,2,2,4.0,5.0,2022
1,4000,125,2,1767,2,2,1,1,2,1.0,2.0,2022
3,100000,1800,2,618,2,0,1,3,2,3.0,5.0,2022
3,20000,1300,2,394,2,2,1,2,0,1.0,4.0,2022
3,30000,2000,2,151,2,1,2,2,2,7.0,10.0,2022
2,150000,1200,1,660,2,0,0,2,2,2.0,3.0,2022
3,19500,125,2,2039,2,2,0,2,2,1.0,4.0,2022
2,18000,730,1,139,2,2,1,2,0,2.0,3.0,2022
2,25000,160,1,517,2,1,1,2,2,3.0,3.0,2022
2,18000,1000,2,836,2,2,1,2,2,0.0,2.0,2022
1,10000,450,2,1502,2,0,1,1,2,1.0,5.0,2022
2,12000,75,2,1258,2,0,1,2,2,2.0,4.0,2022
3,25000,2000,2,961,2,1,0,3,0,1.0,3.0,2022
4,40000,2400,2,1560,2,2,0,3,0,4.0,4.0,2022
2,30000,1800,2,961,2,1,0,2,0,0.0,2.0,2022
3,29000,1800,2,1240,2,2,2,3,0,0.0,3.0,2022
3,35000,2200,2,1409,2,2,1,3,0,2.0,4.0,2022
3,21000,2200,1,2127,2,1,1,2,0,0.0,2.0,2022
3,31000,900,1,1934,2,1,1,2,0,3.0,4.0,2022
2,8000,75,2,394,2,2,1,1,2,2.0,4.0,2022
2,15500,75,2,1749,2,1,1,2,2,2.0,4.0,2022
3,32000,1800,1,592,2,1,1,3,0,3.0,4.0,2022
3,30000,160,1,1934,2,1,1,3,0,2.0,4.0,2022
4,42000,2700,1,1584,2,1,0,4,0,2.0,4.0,2022
3,20500,1050,1,1102,2,0,1,2,0,3.0,4.0,2022
3,60000,1800,2,1796,2,0,1,3,2,2.0,3.0,2022
2,95000,2700,2,661,2,0,1,2,0,1.0,3.0,2022
1,16000,499,1,418,2,1,2,1,2,2.0,3.0,2022
1,8500,450,1,1790,2,2,0,1,0,3.0,4.0,2022
1,14000,60,2,1499,2,2,1,1,2,3.0,4.0,2022
3,140000,2200,2,472,2,2,1,3,0,0.0,3.0,2022
2,8000,130,2,1624,2,2,1,1,2,0.0,3.0,2022
3,12500,650,2,412,2,1,1,1,2,3.0,4.0,2022
2,14000,100,2,835,2,2,1,1,2,3.0,4.0,2022
2,6000,45,2,482,2,2,1,1,2,2.0,3.0,2022
2,10000,600,2,2015,2,2,1,2,2,2.0,3.0,2022
3,15000,800,2,895,2,2,1,1,2,0.0,4.0,2022
3,8000,1500,1,392,2,2,1,3,2,1.0,1.0,2022
1,10000,30,2,1175,2,0,1,1,2,1.0,5.0,2022
1,8500,55,2,625,2,2,1,1,2,0.0,3.0,2022
2,25000,900,1,1409,2,1,1,2,2,0.0,3.0,2022
2,13000,1000,1,280,2,2,1,1,2,1.0,2.0,2022
1,6000,360,2,631,2,1,1,1,2,1.0,2.0,2022
1,7000,450,2,1276,2,0,1,1,2,1.0,4.0,2022
2,22000,900,2,604,2,1,1,2,2,4.0,5.0,2022
2,40000,1100,2,902,2,0,1,2,2,2.0,4.0,2022
2,22000,700,2,1700,2,0,1,2,2,0.0,2.0,2022
1,4500,400,2,1734,2,2,1,1,2,1.0,2.0,2022
3,15000,950,2,1698,2,2,1,2,2,0.0,3.0,2022
3,130000,3000,2,472,2,1,1,4,0,1.0,5.0,2022
2,23000,950,1,271,2,2,1,2,0,3.0,3.0,2022
3,45000,1100,2,416,2,1,1,3,0,1.0,4.0,2022
1,15000,497,1,1078,2,2,1,1,0,3.0,4.0,2022
3,13000,100,2,2124,2,1,1,2,2,3.0,4.0,2022
2,10000,70,2,1821,2,1,1,2,2,1.0,4.0,2022
2,10000,55,2,540,2,2,1,2,2,2.0,4.0,2022
1,6500,300,2,548,2,2,1,1,2,4.0,5.0,2022
1,7000,400,1,1207,2,2,0,1,2,2.0,4.0,2022
2,7000,500,2,189,2,1,1,2,2,2.0,4.0,2022
4,17401,650,2,1506,2,0,1,2,2,4.0,4.0,2022
1,5500,630,2,2039,2,0,1,1,2,0.0,2.0,2022
1,20000,450,2,453,2,2,2,1,2,1.0,3.0,2022
2,7000,500,2,1175,2,1,1,1,2,1.0,2.0,2022
5,190000,200,1,1731,2,2,0,5,0,2.0,2.0,2022
2,13000,95,2,1818,2,1,1,1,2,1.0,4.0,2022
4,60000,272,1,1271,2,0,0,3,0,0.0,4.0,2022
2,17000,800,1,1695,2,2,1,2,0,2.0,4.0,2022
2,16000,50,2,1407,2,2,1,2,2,2.0,4.0,2022
1,9500,400,2,1176,2,0,1,1,2,2.0,4.0,2022
1,5000,450,2,2095,2,2,1,1,2,0.0,3.0,2022
3,27000,1800,1,824,2,1,1,3,0,2.0,4.0,2022
3,29000,1800,1,1747,2,1,1,3,0,2.0,4.0,2022
3,29000,2000,1,2128,2,1,1,3,0,1.0,4.0,2022
4,37000,2700,1,17,2,1,1,4,0,2.0,3.0,2022
4,36000,2700,1,17,2,1,1,3,0,2.0,3.0,2022
3,35000,1800,1,1934,2,1,0,3,0,4.0,4.0,2022
4,42000,2700,1,1584,2,1,0,4,0,2.0,4.0,2022
3,37000,1800,1,1560,2,1,1,3,0,1.0,4.0,2022
3,30000,1800,1,1934,2,1,1,3,0,2.0,3.0,2022
3,20000,1200,2,631,2,1,1,2,2,2.0,3.0,2022
1,8500,600,1,385,2,1,0,1,2,1.0,4.0,2022
1,11000,350,2,1832,2,0,1,1,2,2.0,5.0,2022
2,14000,100,2,530,2,1,1,2,2,2.0,4.0,2022
3,55000,1800,1,1193,2,2,1,3,0,1.0,3.0,2022
2,25000,900,1,824,2,1,0,2,0,3.0,4.0,2022
3,20500,1150,1,1102,2,2,1,2,0,3.0,4.0,2022
4,28000,1400,1,1695,2,1,1,2,0,2.0,4.0,2022
1,5000,500,2,1166,2,1,1,1,2,0.0,4.0,2022
4,35000,300,1,17,2,1,1,3,0,2.0,4.0,2022
3,30000,1800,1,1747,2,1,1,3,0,2.0,4.0,2022
1,10000,500,1,1369,2,2,1,1,0,3.0,4.0,2022
1,11000,500,2,1689,2,2,1,1,2,0.0,4.0,2022
2,17000,80,2,1246,2,1,1,2,2,1.0,4.0,2022
2,35000,1000,2,914,2,1,0,2,0,2.0,4.0,2022
3,30000,1600,2,719,2,2,1,2,2,6.0,10.0,2022
4,30000,1800,2,535,2,1,1,4,2,6.0,8.0,2022
2,13000,400,1,1695,2,1,1,2,0,0.0,4.0,2022
2,13000,900,2,394,2,1,1,2,2,0.0,3.0,2022
1,11000,480,1,548,2,2,1,1,0,4.0,5.0,2022
1,13000,180,1,1076,2,2,0,1,2,2.0,2.0,2022
2,33000,1000,1,1300,2,2,0,2,0,1.0,3.0,2022
3,25000,1120,2,2176,2,2,1,2,2,2.0,3.0,2022
3,70000,1800,1,1749,2,1,0,3,0,2.0,4.0,2022
3,30000,1200,1,2096,2,1,1,2,2,1.0,3.0,2022
1,9000,550,2,446,2,1,1,1,0,1.0,4.0,2022
2,14500,1400,2,495,2,2,0,1,2,3.0,4.0,2022
3,50000,1600,1,2061,2,1,0,2,0,2.0,4.0,2022
1,20000,650,1,1244,2,1,1,1,0,1.0,4.0,2022
4,15000,120,2,1697,2,0,1,4,2,0.0,2.0,2022
2,7500,450,1,1166,2,2,1,1,2,1.0,3.0,2022
1,13500,520,2,2039,2,0,1,1,2,0.0,4.0,2022
1,14000,850,2,1502,2,1,0,1,2,2.0,4.0,2022
2,18000,850,1,1749,2,1,0,2,0,1.0,4.0,2022
2,14000,585,1,1486,2,1,1,1,2,2.0,4.0,2022
3,65000,1600,1,548,2,0,1,2,0,0.0,4.0,2022
2,22000,950,2,1246,2,2,1,2,2,2.0,5.0,2022
1,4000,120,2,1331,2,2,1,1,2,1.0,2.0,2022
2,10000,500,2,2110,2,1,1,1,2,3.0,3.0,2022
1,7500,200,1,2200,2,2,0,1,0,2.0,4.0,2022
1,17000,550,2,1654,2,1,1,1,2,2.0,4.0,2022
1,18000,650,1,618,2,1,1,1,0,2.0,4.0,2022
4,70000,2800,1,474,2,2,0,4,0,6.0,10.0,2022
1,10000,50,2,1175,2,0,1,1,2,3.0,4.0,2022
2,15000,550,1,512,2,2,1,1,2,4.0,4.0,2022
2,16500,90,2,453,2,1,1,2,2,4.0,5.0,2022
3,100000,2925,2,472,2,1,1,3,0,1.0,4.0,2022
1,7500,150,1,1392,2,0,1,1,2,4.0,4.0,2022
2,6000,450,2,2206,2,2,1,1,2,1.0,3.0,2022
2,18000,750,1,1166,2,2,0,2,2,4.0,4.0,2022
2,18000,975,2,835,2,1,1,1,2,0.0,3.0,2022
3,8000,106,2,342,2,1,1,1,2,0.0,4.0,2022
2,14000,750,2,1258,2,0,1,2,2,4.0,6.0,2022
2,11000,80,2,998,2,1,1,2,2,2.0,4.0,2022
3,25000,96,2,1686,2,2,1,2,2,2.0,5.0,2022
1,9000,500,2,394,2,2,1,1,2,1.0,3.0,2022
3,47000,1550,1,2058,2,1,1,2,0,0.0,3.0,2022
2,20000,1000,2,615,2,1,1,2,2,3.0,3.0,2022
1,6000,400,2,1258,2,2,1,1,2,2.0,4.0,2022
1,5000,450,2,280,2,2,1,1,2,1.0,4.0,2022
2,20000,1000,2,443,2,1,2,1,2,3.0,4.0,2022
1,10000,450,2,1002,2,2,1,1,2,2.0,4.0,2022
3,15000,100,2,394,2,1,1,2,2,3.0,4.0,2022
2,13500,550,1,1103,2,1,1,2,0,2.0,4.0,2022
1,5500,400,2,310,2,1,1,1,2,2.0,3.0,2022
1,14000,60,2,678,2,0,1,1,2,1.0,5.0,2022
4,18000,900,2,1910,2,2,1,2,2,3.0,5.0,2022
1,20000,700,2,1699,2,1,1,1,2,1.0,5.0,2022
2,9300,500,2,1102,2,2,1,1,2,2.0,4.0,2022
3,80000,2000,1,1732,2,0,0,3,0,2.0,4.0,2022
2,7500,400,1,168,2,1,0,1,2,2.0,3.0,2022
3,30000,1500,1,1788,2,2,0,2,0,1.0,4.0,2022
2,13000,70,2,779,2,2,1,1,2,2.0,4.0,2022
2,8500,60,2,794,2,2,1,2,2,2.0,4.0,2022
3,44300,200,1,1502,2,1,0,3,0,1.0,4.0,2022
2,45000,1650,1,1732,2,0,0,2,0,2.0,4.0,2022
2,30000,1150,1,1789,2,2,0,2,0,3.0,3.0,2022
2,40000,1800,1,1749,2,0,0,2,0,0.0,3.0,2022
4,530000,4000,1,102,2,1,1,5,0,3.0,4.0,2022
2,12000,900,2,149,2,2,1,1,2,1.0,2.0,2022
2,13500,700,2,1821,2,2,1,1,2,1.0,2.0,2022
2,30000,900,2,1833,2,2,1,2,2,2.0,4.0,2022
1,9500,400,2,1386,2,1,1,1,2,2.0,2.0,2022
4,200000,2700,1,660,2,2,0,4,0,0.0,3.0,2022
3,30000,2000,2,1687,2,2,1,3,2,0.0,2.0,2022
2,9000,450,2,1822,2,2,1,1,2,1.0,3.0,2022
2,13000,400,1,2200,2,2,0,1,0,2.0,4.0,2022
2,7000,500,2,2111,2,1,1,1,2,1.0,5.0,2022
1,18000,450,1,1299,2,0,1,1,0,1.0,4.0,2022
1,3500,350,2,1331,2,2,1,1,2,1.0,3.0,2022
4,65000,272,1,1271,2,2,1,4,0,1.0,4.0,2022
1,19000,545,2,530,2,0,1,1,2,2.0,3.0,2022
2,23000,84,2,1502,2,1,1,2,2,0.0,4.0,2022
1,12000,600,2,914,2,0,1,1,2,2.0,4.0,2022
2,15000,75,2,394,2,2,1,2,2,3.0,4.0,2022
3,38000,165,1,468,2,1,0,2,2,2.0,4.0,2022
3,50000,1100,1,1824,2,2,0,3,0,1.0,4.0,2022
1,6500,500,2,573,2,2,1,1,2,3.0,3.0,2022
3,35000,150,1,835,2,1,0,3,0,1.0,3.0,2022
2,15000,70,2,2058,2,1,1,2,2,2.0,5.0,2022
3,30000,250,2,1240,2,1,1,2,2,1.0,2.0,2022
2,10000,70,2,998,2,2,1,2,2,1.0,5.0,2022
1,18000,300,1,139,2,1,0,1,0,3.0,4.0,2022
3,30000,1800,1,1193,2,1,0,3,0,1.0,4.0,2022
1,16000,400,1,1078,2,1,1,1,0,3.0,4.0,2022
3,22000,1250,2,361,2,1,1,2,2,2.0,3.0,2022
2,9000,480,2,1692,2,1,1,1,2,1.0,4.0,2022
2,20200,84,1,1502,2,1,0,2,0,2.0,4.0,2022
2,19500,84,1,1504,2,1,0,2,0,2.0,4.0,2022
2,21000,600,1,139,2,1,0,2,0,3.0,4.0,2022
2,20000,600,1,139,2,1,0,2,0,0.0,4.0,2022
2,13000,720,2,656,2,1,1,2,2,2.0,4.0,2022
2,6500,75,1,1331,2,2,1,1,2,1.0,1.0,2022
3,25000,1000,2,567,2,2,1,2,2,1.0,4.0,2022
2,20000,900,1,1193,2,1,0,2,0,2.0,4.0,2022
2,33000,2200,1,835,2,1,2,2,2,1.0,1.0,2022
3,18000,900,1,1245,2,1,1,1,2,0.0,4.0,2022
1,13000,550,1,1530,2,1,1,1,2,3.0,3.0,2022
2,10000,450,2,1466,2,0,1,1,2,4.0,5.0,2022
2,10000,470,2,1570,2,0,1,2,2,2.0,4.0,2022
3,23000,125,2,1002,2,1,1,2,2,3.0,4.0,2022
1,20000,400,1,1078,2,0,1,1,0,3.0,4.0,2022
4,150000,2600,1,2065,2,1,1,4,2,2.0,2.0,2022
3,25000,1500,1,449,2,1,1,3,0,5.0,10.0,2022
2,21000,80,2,534,2,1,1,1,2,3.0,4.0,2022
3,30000,1100,1,541,2,1,1,2,2,3.0,3.0,2022
2,22000,1000,2,2058,2,1,1,2,2,4.0,5.0,2022
2,14000,800,2,1258,2,2,1,2,2,3.0,5.0,2022
2,7000,50,2,533,2,0,1,1,2,2.0,5.0,2022
2,18500,1000,2,1006,2,1,1,2,2,2.0,5.0,2022
1,8500,550,1,395,2,2,0,1,0,2.0,3.0,2022
1,8000,450,1,395,2,2,0,1,0,0.0,4.0,2022
2,10000,670,2,1639,2,0,1,2,2,2.0,4.0,2022
2,15000,700,2,530,2,1,1,1,2,1.0,3.0,2022
3,37000,125,2,2099,2,1,0,2,2,3.0,4.0,2022
3,90000,1872,2,660,2,1,1,3,0,1.0,5.0,2022
2,12000,650,1,395,2,2,1,1,0,2.0,4.0,2022
2,13000,550,1,395,2,2,0,2,0,1.0,4.0,2022
2,22000,84,1,1502,2,1,0,2,0,0.0,4.0,2022
1,4000,90,2,648,2,2,1,2,2,0.0,2.0,2022
2,12000,1000,2,1102,2,2,1,2,2,1.0,4.0,2022
1,9000,65,2,1072,2,2,1,1,2,3.0,4.0,2022
2,14000,75,2,1486,2,2,1,1,2,2.0,4.0,2022
1,15000,250,1,139,2,0,0,1,0,0.0,4.0,2022
2,12500,900,2,1940,2,2,0,2,2,3.0,4.0,2022
3,30000,900,1,139,2,1,0,3,0,3.0,4.0,2022
2,9500,650,2,1243,2,2,1,2,2,0.0,3.0,2022
2,15000,900,2,277,2,1,1,2,2,4.0,5.0,2022
1,12000,800,2,1696,2,1,1,1,2,3.0,5.0,2022
1,8000,410,1,537,2,2,0,1,2,2.0,4.0,2022
3,70000,1500,2,1636,2,0,1,3,2,2.0,3.0,2022
4,250000,2800,1,1732,2,2,1,4,2,2.0,3.0,2022
3,31500,1800,1,1530,2,1,0,2,0,2.0,4.0,2022
2,30000,1400,1,1791,2,1,0,2,0,0.0,4.0,2022
3,60000,1600,2,659,2,1,1,3,2,3.0,4.0,2022
3,35000,1200,1,1636,2,1,0,2,0,3.0,4.0,2022
3,55000,1150,1,2099,2,2,1,3,0,2.0,4.0,2022
2,20000,110,2,959,2,1,1,1,2,0.0,2.0,2022
1,6500,300,2,1952,2,0,1,1,2,3.0,3.0,2022
2,17000,750,1,1485,2,1,1,2,0,1.0,4.0,2022
1,9300,450,1,1504,2,1,0,1,0,1.0,4.0,2022
2,7500,410,2,631,2,2,1,1,2,2.0,4.0,2022
2,20000,800,2,835,2,0,1,1,2,2.0,5.0,2022
3,18000,120,2,283,2,0,1,3,2,4.0,5.0,2022
1,15000,650,1,1749,2,0,0,1,0,2.0,4.0,2022
2,13000,400,1,2200,2,2,0,1,0,2.0,4.0,2022
2,20000,810,2,2096,2,1,1,2,2,3.0,3.0,2022
3,12000,700,2,794,2,0,1,2,2,1.0,3.0,2022
2,40000,1125,2,1049,2,0,1,2,2,0.0,2.0,2022
2,8000,600,2,1700,2,2,1,2,2,4.0,5.0,2022
3,95000,1300,1,1891,2,0,0,3,0,1.0,4.0,2022
3,68000,1450,1,1077,2,1,1,3,0,2.0,4.0,2022
3,18000,110,2,2013,2,2,1,2,2,1.0,5.0,2022
4,130000,3500,1,102,2,1,0,6,0,1.0,3.0,2022
4,150000,4000,1,2139,2,1,0,7,0,3.0,3.0,2022
3,75000,2500,1,1796,2,1,0,4,0,1.0,3.0,2022
4,110000,3000,1,1732,2,1,0,5,0,2.0,4.0,2022
4,150000,3500,1,2065,2,1,0,6,0,3.0,3.0,2022
1,10000,240,2,1193,2,1,0,1,2,4.0,5.0,2022
3,24000,1250,1,395,2,2,0,2,0,2.0,4.0,2022
3,28000,1000,2,1695,2,1,1,2,2,2.0,5.0,2022
3,28000,900,1,1485,2,2,0,2,2,2.0,4.0,2022
2,18000,900,1,855,2,1,1,2,0,0.0,4.0,2022
3,27000,1250,1,395,2,2,1,3,0,3.0,4.0,2022
2,17000,650,1,395,2,2,1,2,0,2.0,4.0,2022
3,350000,3200,2,1926,2,1,1,4,2,1.0,2.0,2022
2,25000,900,2,1530,2,1,1,1,2,2.0,3.0,2022
3,16500,1250,1,385,2,2,0,2,0,2.0,4.0,2022
2,14000,60,1,1692,2,1,0,2,2,3.0,3.0,2022
2,18000,90,2,1165,2,2,1,2,2,3.0,4.0,2022
2,10000,55,2,1517,2,2,1,1,2,3.0,4.0,2022
2,10000,50,2,540,2,2,1,1,2,1.0,2.0,2022
4,100000,400,1,1796,2,2,1,4,0,0.0,4.0,2022
2,25000,680,1,1530,2,0,0,1,0,2.0,4.0,2022
2,22999,756,1,1503,2,1,0,2,0,2.0,4.0,2022
2,6000,500,2,826,2,2,1,1,2,2.0,3.0,2022
2,40000,900,1,2058,2,0,1,2,2,0.0,3.0,2022
3,250000,2000,2,472,2,0,1,3,2,3.0,6.0,2022
1,13000,40,1,1824,2,0,1,1,0,3.0,3.0,2022
1,14000,100,2,416,2,0,1,1,0,3.0,3.0,2022
2,20000,950,1,621,2,1,1,2,2,2.0,3.0,2022
1,5500,200,1,1922,2,0,0,1,2,1.0,4.0,2022
2,32000,900,1,1075,2,0,1,2,0,0.0,4.0,2022
2,8000,750,2,1258,2,1,1,1,2,1.0,4.0,2022
3,25000,1400,1,1469,2,2,2,3,0,3.0,4.0,2022
2,28000,100,1,1824,2,1,1,2,0,2.0,4.0,2022
2,22000,100,2,914,2,1,1,2,0,1.0,2.0,2022
1,21000,100,2,416,2,1,1,1,0,0.0,1.0,2022
2,30000,1000,2,447,2,1,1,2,0,2.0,4.0,2022
1,12000,400,1,1075,2,2,1,1,0,2.0,4.0,2022
1,15000,70,2,453,2,2,1,1,2,2.0,3.0,2022
1,18000,450,1,444,2,0,1,1,2,,,2022
2,18000,900,1,27,2,2,1,1,2,3.0,4.0,2022
1,10000,42,2,536,2,1,1,1,2,0.0,3.0,2022
1,16000,400,1,1075,2,0,1,1,0,2.0,4.0,2022
2,20000,900,1,85,2,1,0,2,2,3.0,3.0,2022
4,28000,1500,1,1695,2,1,1,2,0,2.0,4.0,2022
1,7000,70,2,1466,2,1,1,1,2,1.0,4.0,2022
2,30000,450,1,1813,2,0,1,1,2,0.0,1.0,2022
2,15000,900,1,696,2,1,1,1,2,0.0,4.0,2022
1,8000,500,1,1178,2,2,1,1,2,1.0,5.0,2022
1,9000,400,1,1530,2,2,1,2,0,2.0,3.0,2022
3,33500,150,1,1503,2,1,0,2,0,2.0,4.0,2022
1,9500,450,1,1369,2,2,1,1,2,1.0,3.0,2022
2,10000,540,2,210,2,2,1,1,2,1.0,4.0,2022
1,20000,400,1,1075,2,0,1,1,0,3.0,4.0,2022
1,10000,450,1,396,2,2,1,1,0,2.0,4.0,2022
1,15000,700,2,453,2,2,1,1,2,4.0,5.0,2022
3,55000,1450,1,2058,2,0,0,2,0,0.0,4.0,2022
2,20000,1000,1,1510,2,1,0,2,0,2.0,4.0,2022
2,16000,550,1,1749,2,1,0,2,0,1.0,4.0,2022
2,23000,900,1,445,2,0,1,2,2,2.0,3.0,2022
3,150000,300,2,1484,2,1,1,3,0,2.0,2.0,2022
2,25000,1100,2,1386,2,2,1,2,2,0.0,3.0,2022
1,9000,600,1,1749,2,1,0,1,0,1.0,4.0,2022
1,11000,450,2,1200,2,1,0,1,2,3.0,4.0,2022
2,11500,550,1,1244,2,2,1,1,0,2.0,4.0,2022
3,16000,1000,2,531,2,2,1,2,0,1.0,4.0,2022
3,23000,1250,1,395,2,2,0,2,0,2.0,4.0,2022
4,30000,1950,1,395,2,1,1,4,0,2.0,4.0,2022
3,110000,1750,1,1732,2,1,0,4,0,4.0,4.0,2022
1,3500,25,2,342,2,2,1,1,2,3.0,4.0,2022
2,12100,700,1,1817,2,2,0,1,0,3.0,4.0,2022
2,19000,1800,1,1360,2,2,0,1,2,1.0,2.0,2022
2,40000,1000,2,661,2,0,1,2,2,3.0,3.0,2022
2,8000,200,2,1331,2,2,1,1,2,2.0,3.0,2022
3,42000,1700,1,1530,2,1,0,3,0,2.0,4.0,2022
3,13000,70,2,1486,2,1,1,2,2,0.0,4.0,2022
3,44000,1700,1,1530,2,1,0,3,0,3.0,4.0,2022
1,11000,450,1,1749,2,1,0,1,0,1.0,4.0,2022
3,40000,1350,1,1732,2,1,0,3,0,2.0,3.0,2022
4,150000,2550,2,660,2,1,1,4,0,3.0,4.0,2022
2,13000,650,1,394,2,2,1,2,0,2.0,4.0,2022
2,17500,650,1,394,2,1,1,2,0,2.0,4.0,2022
3,14500,1250,1,394,2,2,1,3,0,1.0,4.0,2022
3,24000,1250,1,394,2,2,0,2,0,2.0,4.0,2022
3,30000,1000,1,1246,2,2,1,2,2,3.0,4.0,2022
1,10000,500,2,914,2,1,1,1,2,2.0,3.0,2022
1,10000,500,1,1369,2,1,1,1,0,3.0,4.0,2022
3,90000,1550,1,1732,2,1,0,3,0,2.0,4.0,2022
4,280000,3800,1,1162,2,1,1,5,0,1.0,4.0,2022
2,32000,1150,2,1824,2,2,0,2,2,1.0,4.0,2022
3,80000,2000,1,1796,2,2,1,3,0,3.0,4.0,2022
1,5500,30,1,177,2,0,1,1,2,2.0,3.0,2022
1,6000,50,1,1167,2,1,0,1,2,3.0,4.0,2022
3,30000,1205,2,538,2,0,1,2,2,2.0,4.0,2022
3,42000,1450,1,2058,2,1,0,2,0,2.0,4.0,2022
1,5500,200,2,1582,2,2,1,1,2,2.0,4.0,2022
2,7000,350,2,1624,2,1,1,2,2,2.0,4.0,2022
2,10000,700,2,1793,2,2,0,1,2,0.0,1.0,2022
1,17000,400,1,1075,2,0,1,1,0,3.0,4.0,2022
1,18000,700,2,1244,2,1,1,1,2,1.0,5.0,2022
2,14000,1000,1,138,2,1,0,2,0,1.0,4.0,2022
1,17000,450,1,1499,2,0,1,1,0,1.0,4.0,2022
3,27000,1200,2,453,2,1,2,2,2,10.0,10.0,2022
3,25000,1200,1,1510,2,1,0,2,0,2.0,4.0,2022
2,23000,900,2,1079,2,1,1,2,2,3.0,4.0,2022
2,24500,84,1,1502,2,0,0,2,0,1.0,4.0,2022
1,10000,200,1,548,2,2,1,1,2,1.0,2.0,2022
2,35000,1300,2,914,2,2,0,2,0,2.0,3.0,2022
2,27000,1300,1,169,2,0,1,2,2,0.0,2.0,2022
1,7000,200,1,2200,2,2,0,1,0,1.0,4.0,2022
1,5000,300,1,1102,2,1,1,1,0,0.0,4.0,2022
2,5000,550,1,1276,2,2,1,1,2,3.0,4.0,2022
2,12000,950,2,2039,2,1,0,1,2,2.0,2.0,2022
2,30000,750,1,139,2,0,1,2,0,2.0,4.0,2022
2,25000,950,1,546,2,1,1,2,2,0.0,4.0,2022
1,6000,350,1,1102,2,1,1,1,0,1.0,4.0,2022
3,45000,2000,2,837,2,2,1,3,2,3.0,4.0,2022
3,40000,180,1,835,2,2,0,3,0,0.0,4.0,2022
2,8500,60,2,1244,2,1,1,1,2,2.0,5.0,2022
2,16500,950,1,794,2,2,0,1,0,2.0,4.0,2022
3,100000,1400,1,838,2,1,1,3,0,1.0,4.0,2022
3,52000,200,1,1891,2,2,1,2,2,2.0,3.0,2022
1,12500,450,1,1506,2,0,1,1,0,2.0,3.0,2022
2,14000,600,2,2042,2,2,1,2,2,3.0,4.0,2022
1,15000,350,2,139,2,2,1,1,2,1.0,3.0,2022
1,5000,300,1,146,2,0,0,1,2,1.0,3.0,2022
2,40000,95,1,1732,2,1,1,2,0,3.0,3.0,2022
1,17000,550,2,448,2,0,1,1,2,3.0,3.0,2022
3,15000,900,2,1354,2,0,1,3,2,1.0,3.0,2022
1,6000,25,2,697,2,1,1,1,2,4.0,6.0,2022
3,85000,325,1,472,2,2,0,3,0,1.0,3.0,2022
2,18000,80,2,1636,2,1,1,2,2,2.0,4.0,2022
2,7500,77,2,1207,2,2,1,1,2,3.0,4.0,2022
2,10000,60,2,310,2,1,1,1,2,3.0,4.0,2022
1,9000,100,2,1844,2,0,1,1,2,1.0,1.0,2022
3,24000,1300,2,1693,2,1,1,2,2,3.0,4.0,2022
2,12000,500,1,1102,2,1,1,2,0,1.0,4.0,2022
2,10500,500,1,1102,2,1,1,2,0,2.0,3.0,2022
2,31000,1200,2,1530,2,1,1,2,2,3.0,4.0,2022
1,9000,250,2,825,2,1,1,1,2,0.0,3.0,2022
2,9000,700,2,1775,2,1,1,1,2,4.0,5.0,2022
3,27000,1050,1,1335,2,2,2,2,0,0.0,4.0,2022
2,12500,500,1,1102,2,1,1,2,0,2.0,4.0,2022
2,15000,1100,2,1251,1,1,0,2,2,1.0,2.0,2022
2,6500,1000,2,2035,1,1,1,2,2,0.0,1.0,2022
3,90000,2400,1,1590,1,1,1,3,0,1.0,3.0,2022
3,200000,3000,2,1153,1,0,2,4,0,1.0,1.0,2022
1,15000,650,1,928,1,1,1,1,2,0.0,2.0,2022
2,15000,1000,1,1977,1,1,0,2,2,17.0,31.0,2022
2,7600,700,2,100,1,2,1,2,2,1.0,3.0,2022
3,29000,1200,1,146,1,1,0,3,0,1.0,3.0,2022
3,20000,1710,2,1464,1,1,1,3,2,15.0,29.0,2022
2,12000,600,2,1209,1,0,1,2,2,1.0,3.0,2022
2,10500,1080,2,1537,1,2,1,2,2,1.0,2.0,2022
2,29000,1300,2,125,1,1,1,2,2,0.0,2.0,2022
2,26000,1027,2,958,1,1,0,2,0,15.0,19.0,2022
3,25000,1350,2,64,1,0,2,3,2,0.0,2.0,2022
2,10000,950,2,1804,1,2,2,2,2,1.0,2.0,2022
2,14000,1300,2,809,1,2,1,2,2,1.0,2.0,2022
2,6000,600,2,1542,1,2,1,1,2,1.0,3.0,2022
3,40000,1428,2,423,1,2,0,2,2,0.0,2.0,2022
2,23000,920,1,881,1,1,1,2,2,2.0,2.0,2022
2,10000,600,1,1728,1,1,1,2,2,0.0,2.0,2022
2,10000,810,1,1960,1,2,0,1,2,0.0,1.0,2022
2,15000,1200,2,1649,1,1,1,2,2,0.0,2.0,2022
1,11000,550,2,1543,1,1,1,1,2,3.0,4.0,2022
2,20000,600,2,551,1,2,2,1,2,1.0,2.0,2022
2,15000,850,2,1436,1,0,1,1,2,0.0,2.0,2022
4,22000,2117,1,1849,1,1,1,4,2,20.0,20.0,2022
2,6000,900,2,670,1,2,0,2,2,1.0,1.0,2022
2,20000,1000,2,1995,1,1,1,2,2,0.0,1.0,2022
1,6500,500,2,95,1,2,1,1,2,2.0,3.0,2022
2,12000,800,2,1575,1,1,1,1,2,1.0,3.0,2022
2,27000,1550,2,81,1,1,1,3,2,2.0,3.0,2022
2,15000,1500,2,1143,1,2,1,2,2,0.0,1.0,2022
3,20000,1700,1,1990,1,0,1,6,2,0.0,1.0,2022
2,22000,700,2,1946,1,1,1,2,2,3.0,4.0,2022
1,7000,400,2,1044,1,2,1,1,2,1.0,3.0,2022
2,7000,450,2,1477,1,1,1,1,2,1.0,2.0,2022
1,6500,500,2,2071,1,0,1,1,2,1.0,3.0,2022
2,9000,770,2,1961,1,1,1,2,2,1.0,2.0,2022
1,4500,150,2,2071,1,1,1,1,2,0.0,2.0,2022
2,12000,850,2,1520,1,2,2,2,2,0.0,2.0,2022
2,18000,1100,1,809,1,1,0,2,2,0.0,3.0,2022
2,8000,650,1,341,1,2,1,1,2,0.0,1.0,2022
1,5000,550,2,1860,1,2,1,1,2,1.0,1.0,2022
2,14000,1000,2,943,1,2,1,2,2,1.0,3.0,2022
1,6500,250,2,31,1,1,1,1,2,0.0,5.0,2022
2,10000,790,1,1042,1,1,1,2,2,2.0,2.0,2022
2,13000,600,2,1251,1,1,1,2,2,1.0,3.0,2022
2,11200,700,2,1348,1,2,1,2,2,1.0,2.0,2022
1,8900,550,1,956,1,2,1,1,2,0.0,1.0,2022
1,12000,500,2,141,1,2,1,1,2,0.0,2.0,2022
3,45000,1800,1,1708,1,2,0,3,0,2.0,4.0,2022
3,35000,1550,1,1995,1,1,0,2,0,3.0,4.0,2022
3,34999,1462,1,1343,1,1,2,3,0,3.0,4.0,2022
2,11000,970,1,1475,1,1,0,2,2,0.0,2.0,2022
3,150000,2300,1,42,1,1,0,3,0,11.0,18.0,2022
2,15000,700,2,1348,1,2,1,1,2,1.0,2.0,2022
2,15000,674,1,423,1,2,0,2,2,0.0,3.0,2022
2,10000,750,1,1958,1,2,2,2,2,0.0,1.0,2022
2,12000,1000,2,1959,1,1,1,2,2,0.0,2.0,2022
2,10000,1030,1,354,1,1,1,2,2,1.0,2.0,2022
3,35000,1540,1,1659,1,0,0,2,2,3.0,4.0,2022
3,40000,1800,1,1946,1,2,0,3,0,3.0,5.0,2022
2,24000,1100,2,1011,1,2,1,2,2,2.0,2.0,2022
2,12000,985,2,1452,1,2,1,2,2,3.0,17.0,2022
2,30000,1200,1,1205,1,1,1,2,0,3.0,3.0,2022
2,10000,1200,2,1961,1,2,1,2,2,1.0,1.0,2022
2,15000,900,2,1575,1,2,1,2,2,1.0,3.0,2022
2,33000,800,1,26,1,2,1,2,0,1.0,4.0,2022
2,9000,800,2,1524,1,1,1,2,2,1.0,3.0,2022
3,30000,1500,2,1432,1,1,1,3,2,3.0,4.0,2022
2,13000,680,2,1947,1,2,1,2,2,1.0,1.0,2022
2,15000,800,2,882,1,1,1,2,2,1.0,2.0,2022
2,12000,875,2,1152,1,1,0,2,2,2.0,2.0,2022
2,20000,880,1,881,1,1,2,2,2,1.0,2.0,2022
3,36000,1500,2,420,1,1,1,3,2,2.0,3.0,2022
2,10000,950,2,1878,1,2,1,2,2,1.0,1.0,2022
2,16000,850,2,1195,1,1,1,2,2,0.0,2.0,2022
1,6000,700,2,1458,1,1,1,1,2,1.0,2.0,2022
3,22000,2000,2,1583,1,1,2,2,2,0.0,1.0,2022
1,6000,450,2,1418,1,2,1,1,2,0.0,4.0,2022
1,6500,400,2,1525,1,2,1,1,2,2.0,2.0,2022
1,3000,350,2,563,1,2,1,1,2,1.0,2.0,2022
3,27000,1650,1,1988,1,1,2,3,2,2.0,2.0,2022
2,8000,800,2,1961,1,2,1,1,2,0.0,2.0,2022
2,12500,600,2,26,1,2,1,1,2,1.0,2.0,2022
2,11000,800,2,1525,1,2,1,1,2,1.0,2.0,2022
3,40000,1600,2,1625,1,1,1,3,2,1.0,2.0,2022
2,15000,700,1,420,1,2,0,2,0,1.0,2.0,2022
2,8000,800,2,974,1,1,1,2,2,1.0,2.0,2022
3,34000,2120,2,1876,1,0,1,3,2,9.0,18.0,2022
1,7500,560,2,1003,1,2,1,1,2,2.0,4.0,2022
1,14000,420,1,1195,1,2,0,1,2,1.0,1.0,2022
2,15000,1000,0,423,1,0,1,2,2,1.0,2.0,2022
3,21000,1330,2,18,1,1,1,3,2,1.0,2.0,2022
3,12000,930,2,978,1,1,2,2,2,2.0,8.0,2022
3,75000,1900,1,647,1,1,2,3,0,3.0,3.0,2022
2,15000,1200,2,1475,1,0,1,2,2,1.0,3.0,2022
1,6000,350,2,1961,1,2,1,1,2,0.0,2.0,2022
3,20500,1000,2,2118,1,1,1,1,2,0.0,3.0,2022
2,13500,1210,2,1464,1,1,1,2,2,14.0,29.0,2022
2,10000,750,1,1512,1,2,1,2,2,0.0,1.0,2022
3,15000,1150,1,1474,1,1,1,3,2,1.0,2.0,2022
2,11000,800,1,545,1,2,2,2,2,1.0,1.0,2022
2,12000,930,1,2003,1,0,2,2,2,1.0,4.0,2022
2,15000,2800,1,1569,1,2,2,2,2,-1.0,1.0,2022
2,20000,800,1,2046,1,1,2,2,0,13.0,17.0,2022
2,24000,850,2,1306,1,2,1,2,2,0.0,3.0,2022
2,16000,650,2,1306,1,1,1,2,2,2.0,3.0,2022
2,10000,770,2,1524,1,2,2,1,2,1.0,2.0,2022
3,30000,1800,1,2104,1,1,0,3,2,1.0,2.0,2022
3,26000,1100,1,820,1,1,1,2,0,4.0,4.0,2022
2,10000,950,2,100,1,1,1,2,2,2.0,3.0,2022
3,15000,1250,2,809,1,1,1,2,2,2.0,3.0,2022
1,9000,400,2,1306,1,2,1,1,2,0.0,3.0,2022
2,9000,575,1,1222,1,1,1,2,2,1.0,2.0,2022
2,15000,1234,2,1251,1,1,1,2,2,1.0,14.0,2022
2,12000,870,1,86,1,1,1,2,2,2.0,2.0,2022
2,20000,1162,2,2071,1,1,1,2,0,2.0,4.0,2022
3,15000,2200,2,800,1,2,0,3,2,1.0,2.0,2022
1,8000,500,2,1727,1,2,1,1,2,1.0,1.0,2022
3,13000,900,2,1520,1,2,1,1,2,1.0,4.0,2022
1,6800,600,2,1397,1,2,1,1,2,1.0,3.0,2022
2,9000,600,2,170,1,0,1,1,2,1.0,3.0,2022
3,14000,1600,1,1237,1,0,1,3,2,0.0,2.0,2022
4,55000,2400,1,1995,1,2,1,4,0,1.0,3.0,2022
3,50000,1600,1,42,1,1,0,3,0,2.0,3.0,2022
1,8000,400,1,2077,1,2,1,1,2,-1.0,2.0,2022
2,16000,1000,2,1011,1,1,1,2,2,1.0,3.0,2022
2,15000,600,1,2233,1,2,0,2,2,8.0,18.0,2022
2,15000,750,1,2149,1,2,0,2,2,1.0,2.0,2022
2,15000,700,2,1991,1,1,1,2,2,1.0,2.0,2022
4,75000,2200,2,6,1,1,2,5,2,2.0,3.0,2022
1,9000,500,2,881,1,1,1,1,2,0.0,3.0,2022
1,6500,700,2,171,1,2,1,1,2,2.0,3.0,2022
3,17000,1480,2,1523,1,0,1,2,2,3.0,4.0,2022
3,49000,1700,1,1849,1,0,0,3,0,7.0,15.0,2022
2,15000,830,2,1209,1,1,1,2,2,0.0,2.0,2022
3,25000,1425,1,1524,1,1,1,2,2,2.0,14.0,2022
3,40000,1550,1,1205,1,2,0,3,0,1.0,3.0,2022
1,8000,200,2,124,1,1,1,1,2,0.0,2.0,2022
2,17500,1200,1,121,1,1,1,2,2,2.0,2.0,2022
3,11000,800,2,1251,1,1,1,2,2,0.0,3.0,2022
3,8500,1261,1,1994,1,1,1,3,2,3.0,4.0,2022
2,11000,425,1,1440,1,1,1,2,2,0.0,2.0,2022
2,12500,940,2,975,1,2,1,2,2,10.0,19.0,2022
3,90000,2300,1,647,1,1,0,3,0,2.0,4.0,2022
2,14000,700,2,1982,1,2,1,2,2,2.0,2.0,2022
3,150000,2400,1,953,1,0,1,3,0,2.0,2.0,2022
2,25000,1145,2,1359,1,1,0,2,2,4.0,4.0,2022
2,18000,750,2,1464,1,1,1,2,0,1.0,3.0,2022
3,17000,1250,2,2050,1,1,1,3,2,1.0,3.0,2022
2,8500,900,2,100,1,2,1,2,2,0.0,2.0,2022
3,15000,800,1,1568,1,1,0,2,2,1.0,4.0,2022
2,22000,800,2,146,1,1,1,2,2,4.0,4.0,2022
2,15000,900,2,1524,1,1,1,2,2,0.0,1.0,2022
2,10000,600,2,123,1,2,1,1,2,1.0,1.0,2022
1,5000,250,2,95,1,2,1,1,2,0.0,3.0,2022
2,10000,910,2,1217,1,1,1,2,2,0.0,1.0,2022
3,15000,1350,2,1041,1,2,1,3,2,1.0,2.0,2022
3,34500,450,1,1971,1,1,0,3,2,0.0,3.0,2022
1,8000,600,2,2071,1,2,1,1,2,2.0,3.0,2022
3,330000,3600,1,1153,1,1,1,3,0,3.0,4.0,2022
2,22000,800,1,1590,1,2,2,2,2,0.0,1.0,2022
2,13000,850,1,18,1,2,2,2,2,0.0,1.0,2022
2,6500,1000,2,2004,1,1,1,2,2,0.0,2.0,2022
2,18000,900,1,2071,1,1,0,2,0,1.0,1.0,2022
3,30000,2400,2,2037,1,0,1,3,2,0.0,3.0,2022
1,8500,400,1,518,1,2,1,1,2,0.0,1.0,2022
4,20000,1900,1,1436,1,1,2,4,0,5.0,20.0,2022
2,12000,900,2,1023,1,1,1,2,2,1.0,2.0,2022
2,18000,805,2,647,1,1,1,2,2,1.0,3.0,2022
2,19000,1200,2,1746,1,2,1,2,2,1.0,4.0,2022
2,12000,800,2,1213,1,0,1,2,2,2.0,3.0,2022
3,16000,1158,1,2035,1,1,1,2,2,2.0,4.0,2022
1,5700,400,2,1672,1,2,1,1,2,0.0,3.0,2022
1,15000,450,2,1306,1,2,1,1,2,2.0,3.0,2022
2,11000,960,2,1041,1,1,2,2,2,1.0,3.0,2022
3,17000,1400,2,1194,1,1,1,2,2,10.0,15.0,2022
2,18000,970,2,1997,1,0,1,2,2,0.0,3.0,2022
2,9500,1000,2,1440,1,2,1,2,2,1.0,2.0,2022
2,12000,900,1,31,1,1,1,2,2,1.0,2.0,2022
2,8000,800,2,2035,1,1,1,2,2,4.0,4.0,2022
2,12000,1100,1,1397,1,1,2,1,2,0.0,1.0,2022
2,16000,800,2,1995,1,2,1,2,2,1.0,3.0,2022
2,8000,800,2,1541,1,2,1,1,2,1.0,3.0,2022
2,10000,898,2,910,1,1,2,2,2,7.0,14.0,2022
2,15000,800,1,2046,1,1,1,2,2,0.0,2.0,2022
2,7500,600,2,2053,1,2,1,1,2,1.0,2.0,2022
3,30000,2000,1,2212,1,0,1,3,2,1.0,1.0,2022
2,16000,870,2,391,1,2,1,2,2,3.0,3.0,2022
2,14000,1100,1,1436,1,1,2,2,0,17.0,20.0,2022
2,10000,650,1,1366,1,2,1,2,2,1.0,2.0,2022
3,25000,1100,1,1035,1,2,0,2,0,5.0,18.0,2022
2,11500,1250,1,1720,1,1,1,2,2,0.0,2.0,2022
2,11000,1145,2,86,1,2,1,2,2,1.0,3.0,2022
2,10000,780,2,1152,1,1,1,2,2,2.0,3.0,2022
1,7000,680,2,978,1,2,1,1,2,1.0,3.0,2022
2,18000,860,2,146,1,1,1,2,2,2.0,3.0,2022
1,7500,600,2,1524,1,2,1,1,2,1.0,2.0,2022
2,7500,750,1,1451,1,1,1,1,2,0.0,2.0,2022
2,12000,800,2,414,1,2,1,2,2,2.0,2.0,2022
2,12000,570,1,1524,1,2,1,2,2,0.0,2.0,2022
2,40000,1150,2,1625,1,0,1,2,2,2.0,4.0,2022
1,5000,350,2,1023,1,2,1,1,2,0.0,1.0,2022
2,20000,894,2,2005,1,1,1,2,2,4.0,4.0,2022
1,6500,600,2,1520,1,1,1,1,2,0.0,2.0,2022
3,12000,900,2,100,1,1,1,2,2,0.0,2.0,2022
1,12000,550,2,1575,1,2,1,1,2,0.0,3.0,2022
2,14000,717,2,1849,1,1,1,2,2,1.0,3.0,2022
2,13000,660,1,2118,1,1,2,2,0,0.0,2.0,2022
1,9000,700,1,1879,1,1,2,1,2,1.0,2.0,2022
1,10000,800,2,1359,1,1,1,1,2,0.0,3.0,2022
3,15000,1070,2,1251,1,2,2,2,2,1.0,3.0,2022
2,15000,1000,2,122,1,1,2,2,2,0.0,4.0,2022
2,19000,1500,2,1544,1,1,1,2,2,0.0,1.0,2022
2,15000,900,2,2071,1,2,1,2,2,1.0,2.0,2022
2,16000,1700,2,1475,1,2,1,2,2,1.0,2.0,2022
2,12000,900,2,1524,1,1,1,2,2,0.0,3.0,2022
2,11000,805,2,1146,1,2,1,2,2,0.0,3.0,2022
2,8000,750,2,1043,1,2,1,2,2,0.0,1.0,2022
2,10000,1000,2,1865,1,0,1,2,2,2.0,2.0,2022
3,70000,1500,1,1946,1,0,1,3,2,1.0,4.0,2022
3,45000,3200,2,1478,1,2,1,3,2,0.0,2.0,2022
3,60000,1700,1,2046,1,1,1,3,0,7.0,11.0,2022
2,12000,1000,2,1154,1,1,1,2,2,2.0,2.0,2022
3,80000,2036,2,1205,1,1,0,3,0,6.0,11.0,2022
2,23999,610,1,950,1,0,1,1,0,4.0,4.0,2022
2,23000,1100,2,1997,1,0,1,2,2,2.0,3.0,2022
2,16000,900,1,1989,1,1,0,2,2,2.0,2.0,2022
2,14000,840,2,1048,1,1,1,2,2,0.0,3.0,2022
3,13000,965,2,1209,1,1,1,2,2,0.0,2.0,2022
2,14000,800,2,2006,1,2,1,2,2,2.0,4.0,2022
1,7000,700,2,1538,1,2,1,2,2,1.0,2.0,2022
1,3500,600,2,1060,1,2,0,1,2,0.0,1.0,2022
1,12000,650,1,7,1,1,2,2,2,1.0,3.0,2022
1,8000,320,2,1023,1,2,1,1,2,2.0,3.0,2022
2,25000,700,2,95,1,1,1,1,2,0.0,3.0,2022
2,12000,850,2,2071,1,2,1,2,2,1.0,3.0,2022
1,7000,550,2,2050,1,2,1,1,2,1.0,2.0,2022
3,20000,1400,1,1464,1,1,2,3,2,12.0,13.0,2022
2,18000,1300,2,2071,1,2,1,2,2,3.0,3.0,2022
2,15000,1125,2,1977,1,1,1,2,2,24.0,31.0,2022
2,11000,780,1,1291,1,1,2,2,2,1.0,14.0,2022
3,65000,2200,1,81,1,2,0,3,0,2.0,4.0,2022
3,75000,2500,1,1205,1,2,1,3,0,0.0,1.0,2022
1,15000,1300,2,119,1,0,0,2,2,0.0,2.0,2022
2,12000,619,1,423,1,0,1,1,2,1.0,8.0,2022
2,8500,700,1,86,1,1,1,1,2,0.0,2.0,2022
3,38000,2100,2,146,1,1,1,3,2,2.0,2.0,2022
3,30000,2000,2,146,1,2,1,3,2,1.0,3.0,2022
1,9000,700,2,2232,1,1,1,1,2,0.0,2.0,2022
3,25000,2000,2,972,1,1,1,3,2,1.0,3.0,2022
2,9000,600,1,2050,1,2,1,2,2,2.0,2.0,2022
1,8500,550,1,143,1,2,0,2,2,0.0,1.0,2022
1,7000,300,2,1513,1,2,1,1,2,0.0,1.0,2022
2,25000,800,1,119,1,1,0,2,0,2.0,3.0,2022
2,8500,850,2,1237,1,2,1,2,2,3.0,4.0,2022
1,6500,450,1,1174,1,1,1,1,2,2.0,3.0,2022
1,7000,500,2,86,1,2,1,1,2,0.0,2.0,2022
1,4500,115,2,420,1,2,0,1,2,0.0,3.0,2022
2,22000,800,1,1590,1,2,1,2,2,0.0,1.0,2022
2,10000,600,2,86,1,1,2,1,2,1.0,2.0,2022
2,16000,800,2,699,1,2,1,2,2,2.0,2.0,2022
3,85000,1725,2,1140,1,0,1,2,0,10.0,14.0,2022
2,15000,1330,1,1152,1,0,1,2,2,1.0,2.0,2022
3,25000,2064,2,1436,1,1,2,4,2,11.0,19.0,2022
1,9000,700,2,923,1,1,1,1,2,0.0,2.0,2022
2,20000,900,2,1035,1,1,1,2,2,0.0,3.0,2022
2,15000,1066,2,2070,1,2,2,2,2,1.0,4.0,2022
2,9000,700,1,1960,1,1,0,2,2,1.0,4.0,2022
2,14000,900,2,1640,1,0,1,2,2,2.0,3.0,2022
2,15000,700,2,420,1,1,1,2,2,2.0,4.0,2022
3,14000,950,1,423,1,1,1,2,2,3.0,7.0,2022
2,8000,850,2,414,1,2,1,2,2,1.0,2.0,2022
2,13500,600,1,1174,1,0,1,2,0,4.0,7.0,2022
2,12000,750,2,1251,1,1,0,2,2,0.0,3.0,2022
2,7500,850,2,100,1,2,1,2,2,0.0,2.0,2022
3,20000,1650,1,1152,1,1,0,3,2,1.0,1.0,2022
2,11000,960,2,1251,1,2,2,2,2,1.0,2.0,2022
2,11000,1200,1,1960,1,2,0,2,2,1.0,1.0,2022
2,17500,650,1,1995,1,0,1,2,2,2.0,2.0,2022
2,8000,800,1,924,1,2,1,2,2,-1.0,3.0,2022
3,25000,1350,2,348,1,1,1,3,2,1.0,2.0,2022
2,12000,560,1,1958,1,1,2,2,2,0.0,1.0,2022
1,5250,250,2,1152,1,2,1,1,2,2.0,3.0,2022
2,25000,685,2,81,1,2,0,2,2,0.0,2.0,2022
2,14000,1021,2,1878,1,1,1,2,2,4.0,5.0,2022
3,24000,1200,1,979,1,2,1,3,2,2.0,2.0,2022
3,35000,1557,2,1202,1,1,1,3,2,1.0,5.0,2022
2,8000,550,2,1475,1,2,1,1,0,1.0,1.0,2022
2,16000,800,2,31,1,1,1,2,2,1.0,3.0,2022
3,28000,917,1,1849,1,1,2,2,2,3.0,7.0,2022
2,16000,960,2,1544,1,1,1,2,2,2.0,4.0,2022
2,13000,1000,2,1251,1,2,1,2,2,0.0,3.0,2022
2,35000,1000,2,42,1,0,0,2,0,1.0,3.0,2022
1,11000,579,2,1391,1,1,1,1,2,3.0,4.0,2022
1,5000,800,1,1310,1,2,1,1,2,1.0,1.0,2022
2,23000,1100,1,647,1,2,0,2,0,1.0,2.0,2022
2,11000,635,1,1217,1,1,0,2,2,2.0,2.0,2022
3,25000,1700,1,1464,1,1,1,3,2,2.0,12.0,2022
1,4500,600,2,1023,1,2,1,1,2,0.0,3.0,2022
4,100000,2500,1,1849,1,2,1,4,0,16.0,18.0,2022
3,47500,1920,2,1997,1,1,2,3,0,6.0,15.0,2022
2,7500,850,2,1022,1,1,0,2,2,2.0,2.0,2022
3,16500,1850,2,1375,1,2,0,3,2,1.0,1.0,2022
2,18000,1375,1,359,1,0,2,1,2,1.0,1.0,2022
2,7000,700,2,1958,1,2,1,2,2,0.0,2.0,2022
1,8000,700,2,2071,1,2,1,2,2,1.0,2.0,2022
1,10000,675,2,1520,1,2,1,1,2,2.0,2.0,2022
3,7000,900,2,171,1,2,1,2,2,1.0,2.0,2022
2,35000,1020,1,657,1,0,1,2,2,1.0,2.0,2022
4,100000,3000,1,1470,1,2,0,4,0,1.0,1.0,2022
2,13000,800,1,1544,1,1,0,1,2,0.0,1.0,2022
2,10000,600,2,1477,1,2,1,1,2,1.0,1.0,2022
2,14000,890,2,2050,1,2,2,2,2,2.0,2.0,2022
3,46000,1700,2,1997,1,1,1,3,0,15.0,18.0,2022
4,65000,2000,1,42,1,1,0,3,0,3.0,4.0,2022
2,9000,800,1,1251,1,1,1,2,2,0.0,1.0,2022
3,13500,1002,2,1209,1,0,1,2,2,2.0,3.0,2022
3,29000,1225,1,1044,1,1,1,3,0,9.0,18.0,2022
2,23999,610,1,950,1,0,1,1,0,2.0,4.0,2022
3,26000,1200,2,1995,1,1,2,3,2,0.0,3.0,2022
2,8200,850,2,100,1,2,1,2,2,2.0,2.0,2022
1,15000,500,2,1708,1,1,2,1,2,1.0,2.0,2022
2,10000,778,2,1849,1,2,1,2,2,4.0,4.0,2022
2,20000,850,1,1451,1,2,0,2,2,5.0,17.0,2022
2,15000,800,1,31,1,2,1,2,2,1.0,2.0,2022
2,14000,1200,2,2050,1,1,1,2,2,0.0,3.0,2022
2,11000,750,2,2130,1,2,1,2,2,1.0,1.0,2022
1,6500,550,2,840,1,2,1,1,2,2.0,2.0,2022
3,26000,1567,1,1436,1,0,1,3,2,3.0,4.0,2022
1,7500,650,2,1375,1,1,1,1,2,0.0,1.0,2022
2,14500,1150,1,2163,1,2,0,2,2,1.0,1.0,2022
6,280000,4500,1,1625,1,1,0,5,0,0.0,1.0,2022
2,12000,900,2,1834,1,2,1,2,2,3.0,4.0,2022
3,45000,1450,1,1306,1,2,0,2,0,1.0,4.0,2022
2,22000,850,2,2118,1,1,1,2,2,2.0,3.0,2022
1,7000,550,2,1805,1,2,1,1,2,0.0,1.0,2022
1,7000,600,1,595,1,2,1,1,2,0.0,1.0,2022
2,45000,1200,2,393,1,0,1,2,2,2.0,3.0,2022
4,20000,1450,2,2006,1,1,1,4,2,3.0,4.0,2022
2,14000,560,1,1251,1,1,2,2,2,1.0,2.0,2022
2,18000,1113,2,171,1,1,2,2,2,2.0,4.0,2022
3,20000,1600,2,423,1,1,1,4,2,0.0,2.0,2022
1,10000,550,1,141,1,2,1,1,2,0.0,2.0,2022
2,25000,1200,1,966,1,2,1,2,0,3.0,4.0,2022
2,18000,900,2,558,1,1,2,2,2,1.0,2.0,2022
1,5000,800,2,2010,1,2,2,1,2,1.0,2.0,2022
2,12000,1200,2,1524,1,1,1,2,2,1.0,5.0,2022
2,13000,1000,2,1017,1,1,1,2,2,1.0,2.0,2022
2,30000,1100,2,1345,1,1,1,2,2,0.0,4.0,2022
2,9000,700,2,1291,1,0,1,1,2,0.0,3.0,2022
1,12000,650,2,2017,1,2,1,1,2,1.0,2.0,2022
3,30000,1500,1,1035,1,1,2,2,2,0.0,1.0,2022
3,20000,1175,1,1097,1,0,0,2,2,3.0,4.0,2022
2,12000,750,2,1377,1,2,1,2,2,4.0,4.0,2022
2,9500,1010,2,2035,1,1,1,2,2,1.0,2.0,2022
2,22000,1050,2,187,1,1,2,2,0,4.0,4.0,2022
3,23000,1060,1,1274,1,2,0,2,2,2.0,32.0,2022
2,9500,900,2,86,1,2,1,2,2,1.0,2.0,2022
2,13500,1000,2,1464,1,1,2,2,2,4.0,10.0,2022
1,12000,450,2,1195,1,2,1,1,2,1.0,2.0,2022
3,33000,1600,1,809,1,1,1,3,0,15.0,16.0,2022
3,33000,1760,2,809,1,1,1,3,2,8.0,9.0,2022
2,18999,618,1,1544,1,1,1,2,0,4.0,11.0,2022
3,18000,1220,2,1477,1,1,1,2,2,6.0,10.0,2022
1,8500,580,2,1474,1,2,1,1,2,3.0,3.0,2022
3,20000,1651,2,1523,1,1,2,3,2,2.0,3.0,2022
2,9000,705,1,2035,1,1,1,2,2,1.0,3.0,2022
1,7000,700,2,1996,1,2,1,1,2,0.0,2.0,2022
3,53000,1700,1,809,1,0,1,3,0,4.0,16.0,2022
2,14000,901,2,1291,1,2,1,2,2,2.0,2.0,2022
2,21000,1100,2,1359,1,0,1,2,2,2.0,16.0,2022
3,16000,1120,2,1804,1,1,1,2,2,1.0,4.0,2022
2,26000,1300,1,393,1,1,0,2,0,1.0,3.0,2022
3,20000,1350,2,1977,1,0,0,3,2,0.0,1.0,2022
2,25000,1340,2,809,1,1,2,2,2,7.0,16.0,2022
1,10000,250,2,1370,1,2,1,1,2,2.0,3.0,2022
2,11500,700,1,1152,1,1,1,2,2,1.0,1.0,2022
2,15000,650,1,1440,1,2,0,2,2,1.0,2.0,2022
1,4200,490,2,2104,1,1,1,1,2,3.0,3.0,2022
2,9500,700,1,978,1,2,1,1,2,0.0,2.0,2022
1,8000,580,2,1804,1,2,1,2,2,1.0,2.0,2022
2,16000,1400,1,1152,1,1,0,3,2,2.0,2.0,2022
2,12000,850,1,1555,1,1,1,2,2,1.0,2.0,2022
2,12000,850,1,1805,1,1,1,2,2,1.0,2.0,2022
2,12000,900,2,1023,1,2,1,2,2,0.0,3.0,2022
2,13000,780,2,1152,1,0,1,2,2,1.0,2.0,2022
3,15723,1246,2,978,1,1,1,2,2,7.0,18.0,2022
1,6000,300,2,141,1,1,1,1,2,2.0,2.0,2022
2,10000,900,2,1477,1,2,1,2,2,1.0,2.0,2022
1,3000,350,2,1209,1,2,1,1,2,0.0,2.0,2022
2,7500,900,2,1477,1,2,1,2,2,2.0,3.0,2022
2,18000,1099,2,2050,1,1,2,2,2,2.0,2.0,2022
3,16500,1530,1,1464,1,1,1,3,2,9.0,13.0,2022
3,35000,2000,2,809,1,1,1,3,2,2.0,2.0,2022
3,15000,1095,2,1142,1,0,1,2,2,2.0,2.0,2022
2,7000,780,1,910,1,2,2,2,2,5.0,14.0,2022
3,38000,1300,1,423,1,2,1,3,0,9.0,19.0,2022
2,20000,900,2,124,1,1,1,2,2,2.0,3.0,2022
1,7500,450,2,1291,1,2,1,1,2,0.0,2.0,2022
2,12500,400,2,957,1,2,1,2,2,1.0,4.0,2022
3,16000,900,2,391,1,1,1,2,2,0.0,2.0,2022
2,16000,935,1,1544,1,2,0,2,2,2.0,2.0,2022
1,8500,450,2,1997,1,2,1,1,2,0.0,1.0,2022
2,30000,1020,1,423,1,0,1,2,0,1.0,11.0,2022
3,16000,1280,2,1016,1,1,1,2,2,0.0,2.0,2022
1,5700,450,1,100,1,1,2,1,2,0.0,1.0,2022
2,18000,1120,2,1544,1,1,1,2,2,2.0,4.0,2022
2,15000,1000,2,2055,1,1,1,2,2,1.0,3.0,2022
2,7500,1000,2,670,1,1,1,2,2,2.0,3.0,2022
2,9000,750,2,1035,1,2,1,2,2,1.0,3.0,2022
2,13000,1000,2,393,1,1,1,2,2,2.0,4.0,2022
3,25000,1100,2,2017,1,2,1,2,2,0.0,2.0,2022
3,130000,3000,2,1995,1,0,1,3,0,1.0,4.0,2022
2,13000,650,2,972,1,1,1,2,2,0.0,3.0,2022
3,20000,1500,1,1958,1,1,1,3,2,1.0,3.0,2022
1,18000,500,2,623,1,2,1,1,2,1.0,4.0,2022
2,8000,700,2,165,1,2,1,1,2,1.0,2.0,2022
1,16000,450,2,1035,1,0,1,1,2,3.0,3.0,2022
2,18000,700,1,420,1,2,0,2,0,1.0,2.0,2022
2,19000,1250,2,1432,1,1,2,2,2,1.0,2.0,2022
2,7500,700,2,1142,1,2,1,2,2,1.0,2.0,2022
2,15000,650,2,1540,1,1,1,2,2,2.0,3.0,2022
2,19000,850,2,420,1,1,1,2,2,1.0,3.0,2022
2,10000,750,1,1251,1,2,0,2,2,1.0,2.0,2022
3,45000,1780,2,926,1,1,1,3,2,1.0,5.0,2022
2,20000,980,2,1523,1,2,1,2,2,3.0,3.0,2022
2,7500,700,2,65,1,2,1,2,2,1.0,2.0,2022
2,14000,600,1,1174,1,1,1,2,0,2.0,7.0,2022
2,5000,800,2,171,1,2,1,2,2,0.0,2.0,2022
2,20000,1500,2,809,1,1,1,2,2,0.0,1.0,2022
3,15000,1402,1,1536,1,1,1,3,2,2.0,4.0,2022
3,75000,1500,1,1946,1,1,1,3,0,2.0,4.0,2022
3,30000,1300,2,1359,1,0,1,3,2,19.0,19.0,2022
3,30000,1484,1,1544,1,1,1,3,0,9.0,12.0,2022
1,12500,630,1,2043,1,1,0,1,2,1.0,1.0,2022
2,24000,1150,1,423,1,1,1,2,0,5.0,11.0,2022
2,10000,800,1,1958,1,2,2,2,2,1.0,2.0,2022
2,12000,600,1,1745,1,1,0,2,2,0.0,1.0,2022
3,45000,2200,2,881,1,2,1,3,0,4.0,4.0,2022
2,10500,950,2,1142,1,1,1,2,2,1.0,2.0,2022
2,6250,700,2,1512,1,2,1,2,2,0.0,1.0,2022
1,6000,450,2,1849,1,1,1,1,2,2.0,4.0,2022
1,7500,150,1,420,1,2,0,1,2,1.0,3.0,2022
1,6300,360,2,565,1,2,1,1,2,0.0,1.0,2022
1,7000,750,2,1209,1,1,1,1,2,2.0,3.0,2022
2,14000,1065,2,1152,1,1,2,2,2,1.0,2.0,2022
2,10000,650,2,2006,1,2,1,2,2,1.0,2.0,2022
2,30000,1140,1,809,1,1,1,2,0,2.0,16.0,2022
3,16000,1525,1,1977,1,1,2,3,2,6.0,29.0,2022
3,22000,1450,1,1436,1,0,1,3,2,8.0,10.0,2022
2,14000,1200,1,1876,1,1,0,2,2,0.0,3.0,2022
2,18000,1100,2,1575,1,1,1,2,2,0.0,3.0,2022
2,10500,700,2,1540,1,1,2,2,2,2.0,3.0,2022
1,6000,600,1,1591,1,2,2,1,2,1.0,2.0,2022
3,20000,1200,1,788,1,2,1,2,2,1.0,2.0,2022
3,90000,2100,1,81,1,2,0,3,0,2.0,4.0,2022
2,13500,950,2,1546,1,1,1,2,2,3.0,4.0,2022
1,7000,800,1,831,1,1,1,1,2,2.0,2.0,2022
2,12500,900,1,86,1,2,0,2,2,1.0,1.0,2022
2,15000,805,2,1011,1,1,1,2,2,0.0,2.0,2022
2,14000,800,1,2080,1,2,0,2,2,1.0,2.0,2022
2,28000,2300,1,2071,1,0,0,2,2,0.0,3.0,2022
2,9500,1200,2,1284,1,1,1,2,2,0.0,1.0,2022
3,16000,1200,1,173,1,1,1,2,2,1.0,3.0,2022
4,120000,4000,2,1525,1,1,0,4,0,9.0,9.0,2022
3,20000,1500,1,1451,1,2,1,2,2,-1.0,1.0,2022
1,21000,500,1,1474,1,0,1,1,0,7.0,11.0,2022
2,22000,1050,2,2071,1,1,1,2,2,2.0,3.0,2022
4,120000,2550,1,42,1,1,0,4,0,3.0,4.0,2022
2,15000,650,1,1004,1,2,0,2,2,1.0,3.0,2022
1,5000,800,1,1043,1,2,1,1,2,1.0,1.0,2022
2,15000,1000,2,809,1,2,1,2,2,1.0,3.0,2022
2,19000,900,2,420,1,1,1,2,2,2.0,3.0,2022
3,37500,1475,2,42,1,1,1,3,2,1.0,4.0,2022
1,8000,360,2,1275,1,1,1,1,2,-1.0,1.0,2022
3,45000,1600,1,42,1,2,1,3,0,4.0,4.0,2022
1,5000,550,2,1523,1,2,1,1,2,0.0,1.0,2022
3,30000,1800,2,1023,1,2,0,2,2,0.0,2.0,2022
2,17000,1000,2,988,1,2,1,2,2,0.0,2.0,2022
2,15000,700,2,958,1,0,1,2,2,0.0,2.0,2022
1,3500,500,2,1992,1,1,1,1,2,1.0,2.0,2022
3,25000,1132,2,1035,1,1,1,2,0,10.0,16.0,2022
3,17000,1400,1,1436,1,1,1,3,2,28.0,31.0,2022
5,50000,3300,2,2050,1,1,1,5,2,0.0,2.0,2022
3,22000,1400,1,387,1,1,1,3,2,3.0,4.0,2022
2,12000,800,2,86,1,1,1,2,2,1.0,3.0,2022
3,10000,80,1,1568,1,1,1,2,2,3.0,3.0,2022
3,10000,1000,1,978,1,1,1,3,2,1.0,8.0,2022
2,26000,1020,2,2046,1,1,1,2,0,3.0,17.0,2022
2,9000,500,1,2073,1,0,1,2,2,0.0,2.0,2022
2,12000,900,2,977,1,0,1,2,2,1.0,2.0,2022
2,8500,600,1,10,1,2,1,1,2,1.0,2.0,2022
2,7000,1100,2,1436,1,2,1,2,2,3.0,4.0,2022
2,12000,1200,1,2204,1,2,2,3,2,1.0,1.0,2022
2,12000,650,1,1440,1,2,1,2,2,2.0,2.0,2022
2,26000,900,2,2071,1,1,1,2,2,0.0,4.0,2022
3,13000,100,1,88,1,2,1,2,2,1.0,2.0,2022
2,30000,1100,1,1345,1,2,1,2,2,0.0,4.0,2022
2,30000,585,2,1474,1,2,1,2,2,1.0,5.0,2022
2,12000,740,2,1152,1,2,1,2,2,2.0,3.0,2022
1,10000,550,2,671,1,2,1,1,2,2.0,3.0,2022
2,13000,786,2,2104,1,0,1,2,2,1.0,3.0,2022
2,13000,1100,1,800,1,2,2,2,2,2.0,4.0,2022
3,40000,1500,2,2118,1,1,0,3,0,2.0,4.0,2022
3,25000,1440,1,1174,1,1,1,3,2,3.0,6.0,2022
1,8000,700,2,170,1,1,1,1,2,2.0,2.0,2022
1,6000,450,2,917,1,2,1,1,2,0.0,2.0,2022
3,17000,1200,2,2071,1,1,1,2,2,1.0,3.0,2022
3,17000,1785,2,1436,1,1,2,3,2,9.0,12.0,2022
2,15000,1050,2,1041,1,1,1,2,2,1.0,3.0,2022
2,8500,700,2,2002,1,1,1,1,2,2.0,7.0,2022
2,8500,450,1,1937,1,2,1,1,2,1.0,2.0,2022
2,11000,803,2,1284,1,1,1,2,2,1.0,2.0,2022
3,60000,1800,2,2191,1,1,0,3,0,9.0,9.0,2022
2,18000,985,1,1804,1,2,0,2,2,1.0,4.0,2022
4,70000,2880,2,1997,1,1,0,3,0,9.0,19.0,2022
2,10000,850,2,1142,1,2,0,2,2,2.0,2.0,2022
3,20000,1100,1,2196,1,2,1,2,2,1.0,2.0,2022
2,16000,1100,2,1152,1,1,1,2,2,0.0,2.0,2022
2,10000,1500,2,1961,1,0,1,2,2,0.0,2.0,2022
3,100000,1975,2,551,1,1,2,3,0,12.0,18.0,2022
1,7000,400,2,1785,1,2,1,1,2,1.0,2.0,2022
2,17000,914,2,31,1,1,1,2,2,0.0,2.0,2022
2,17000,1000,2,2071,1,1,1,2,2,2.0,2.0,2022
3,39000,1170,2,1971,1,1,1,2,2,0.0,3.0,2022
1,6500,350,2,1291,1,2,1,1,2,0.0,1.0,2022
3,15000,1120,1,182,1,2,0,2,2,1.0,2.0,2022
2,17000,1100,2,1585,1,2,1,2,2,0.0,1.0,2022
1,6800,500,2,1996,1,2,1,1,2,0.0,3.0,2022
3,110000,1435,2,1418,1,0,1,3,2,5.0,15.0,2022
1,8500,200,1,141,1,1,1,1,2,1.0,3.0,2022
3,65000,1444,2,1418,1,1,0,3,0,11.0,14.0,2022
1,7500,350,2,1004,1,1,1,1,2,1.0,3.0,2022
2,10000,800,2,1523,1,1,1,2,2,1.0,3.0,2022
3,34000,1503,1,1641,1,1,2,2,2,3.0,7.0,2022
3,17000,1200,2,1804,1,2,1,3,2,0.0,2.0,2022
3,23000,900,1,1129,1,2,0,2,2,2.0,3.0,2022
1,17000,625,2,809,1,1,1,1,2,4.0,10.0,2022
2,8500,860,2,2053,1,1,1,2,2,1.0,3.0,2022
2,10000,960,2,423,1,2,1,2,2,1.0,2.0,2022
2,8000,550,2,1524,1,2,0,1,2,1.0,3.0,2022
3,30000,1000,2,551,1,1,1,3,2,0.0,2.0,2022
1,15000,520,2,2046,1,1,1,1,2,1.0,3.0,2022
3,25000,1500,2,141,1,2,1,2,0,1.0,2.0,2022
2,16500,966,2,1023,1,1,1,2,2,1.0,3.0,2022
3,40000,1400,2,1806,1,1,1,3,2,1.0,2.0,2022
3,15000,1300,2,1903,1,1,1,2,2,2.0,7.0,2022
3,12000,1062,2,1568,1,1,1,2,2,2.0,3.0,2022
3,35000,1850,1,1997,1,1,0,3,2,2.0,3.0,2022
2,8000,600,1,86,1,2,1,2,2,2.0,3.0,2022
2,11000,1000,2,1542,1,1,1,2,2,1.0,2.0,2022
3,20000,1065,2,2137,1,1,1,3,2,4.0,5.0,2022
3,17000,950,1,972,1,2,0,3,2,0.0,2.0,2022
2,9000,740,2,414,1,2,2,2,2,1.0,2.0,2022
2,16500,700,2,146,1,1,1,2,2,0.0,3.0,2022
2,12000,880,1,1993,1,2,2,2,2,1.0,3.0,2022
2,12500,890,2,1464,1,2,0,2,2,3.0,11.0,2022
2,25000,1100,2,272,1,2,1,2,2,2.0,2.0,2022
2,15000,700,2,86,1,0,1,2,2,1.0,3.0,2022
3,14000,1155,2,1436,1,2,1,2,2,15.0,19.0,2022
3,72000,1500,1,1590,1,1,0,3,0,2.0,4.0,2022
1,10000,550,2,86,1,2,1,1,2,0.0,4.0,2022
2,17000,1000,2,1274,1,1,1,2,2,1.0,5.0,2022
2,12000,550,2,420,1,2,1,2,2,0.0,1.0,2022
3,72000,2900,1,1140,1,1,0,3,0,8.0,9.0,2022
3,26000,2100,2,1849,1,1,1,2,0,1.0,4.0,2022
2,10500,1000,2,1524,1,2,1,2,2,0.0,1.0,2022
2,15000,800,2,100,1,2,1,1,2,0.0,2.0,2022
2,8500,900,1,2050,1,2,0,1,2,1.0,1.0,2022
2,10000,800,1,1041,1,1,1,2,2,2.0,2.0,2022
2,10000,1015,2,1542,1,1,1,3,2,0.0,2.0,2022
3,25000,1700,2,2035,1,1,1,3,2,7.0,9.0,2022
1,10000,850,2,1142,1,2,1,1,2,0.0,1.0,2022
2,13000,1260,2,1544,1,1,1,3,2,0.0,1.0,2022
2,16000,800,2,1348,1,1,1,2,2,1.0,2.0,2022
1,5000,550,1,9,1,2,1,1,2,1.0,1.0,2022
2,9500,800,1,153,1,1,1,2,2,1.0,2.0,2022
3,18000,1200,1,1377,1,1,0,2,2,1.0,1.0,2022
3,24000,1570,2,1804,1,1,1,3,2,0.0,2.0,2022
1,6166,570,2,1209,1,1,1,1,2,0.0,2.0,2022
2,20000,900,2,121,1,1,1,2,2,3.0,3.0,2022
2,13000,700,2,409,1,2,1,2,2,0.0,2.0,2022
1,8000,500,2,2104,1,2,1,1,2,0.0,1.0,2022
2,18000,1000,2,1849,1,2,1,2,2,1.0,2.0,2022
2,20000,700,1,1195,1,2,1,2,2,0.0,2.0,2022
2,14000,690,2,2071,1,2,1,1,2,0.0,2.0,2022
2,15000,100,1,1274,1,1,2,2,2,2.0,2.0,2022
3,25000,1200,1,423,1,1,1,3,0,9.0,11.0,2022
2,26000,1200,1,1418,1,1,0,2,0,1.0,3.0,2022
2,9000,800,2,1290,1,2,1,2,2,0.0,2.0,2022
3,15000,1157,2,978,1,2,1,3,2,4.0,8.0,2022
2,15000,780,2,2071,1,1,1,2,2,1.0,2.0,2022
3,130000,2792,2,979,1,0,1,5,2,5.0,9.0,2022
1,7500,500,2,1475,1,2,1,1,2,0.0,2.0,2022
2,9500,750,2,1523,1,2,1,2,2,1.0,3.0,2022
6,60000,1800,2,272,1,0,1,6,2,1.0,3.0,2022
1,7000,500,2,1044,1,1,1,1,2,0.0,3.0,2022
2,23000,1153,2,1209,1,1,2,2,2,15.0,19.0,2022
1,18000,500,2,119,1,0,1,1,2,1.0,2.0,2022
3,18000,1000,1,978,1,2,1,2,2,7.0,18.0,2022
1,6000,510,2,1146,1,2,1,1,2,1.0,2.0,2022
2,13000,730,1,977,1,1,2,2,2,2.0,2.0,2022
2,15000,950,2,2071,1,2,1,2,2,0.0,3.0,2022
2,10000,730,2,1778,1,1,1,2,2,2.0,3.0,2022
3,22000,1400,2,1146,1,1,1,2,2,1.0,3.0,2022
2,10000,900,2,1542,1,1,1,2,2,1.0,3.0,2022
1,6500,506,2,1475,1,2,1,1,2,1.0,2.0,2022
2,7000,749,2,1980,1,2,1,2,2,2.0,4.0,2022
1,18000,520,2,1946,1,1,1,1,2,2.0,4.0,2022
2,7000,850,2,1459,1,2,1,2,2,1.0,1.0,2022
2,22000,1000,2,1081,1,1,2,2,2,2.0,3.0,2022
1,7000,600,2,1060,1,2,0,1,2,1.0,1.0,2022
1,15000,1900,1,901,1,1,1,1,2,3.0,4.0,2022
2,8000,600,1,1627,1,1,1,1,2,1.0,2.0,2022
1,7000,500,2,1804,1,2,1,1,2,0.0,1.0,2022
1,9000,550,2,1477,1,2,1,1,2,1.0,2.0,2022
2,9800,1200,2,1251,1,2,1,2,2,0.0,4.0,2022
3,14500,1107,1,2227,1,1,1,2,2,4.0,4.0,2022
1,15000,550,1,809,1,1,1,1,0,9.0,15.0,2022
2,22000,1150,1,809,1,1,1,2,0,4.0,9.0,2022
2,9000,600,2,1913,1,2,1,2,2,0.0,2.0,2022
3,18000,1235,2,1520,1,1,1,2,2,1.0,2.0,2022
1,8500,600,2,1984,1,2,1,2,2,0.0,3.0,2022
1,6500,400,2,1524,1,1,1,2,2,0.0,2.0,2022
3,40000,1400,1,1343,1,1,1,3,0,3.0,5.0,2022
3,17000,800,1,1708,1,2,1,2,2,2.0,2.0,2022
2,12000,700,2,1154,1,2,1,2,2,1.0,2.0,2022
2,30000,900,1,119,1,1,1,2,2,2.0,4.0,2022
1,4000,400,2,1661,1,2,1,1,2,2.0,3.0,2022
2,14000,850,2,233,1,0,1,2,2,2.0,3.0,2022
3,25000,1415,2,586,1,0,1,2,2,4.0,13.0,2022
1,8000,281,1,1995,1,2,1,1,2,0.0,1.0,2022
1,12500,600,2,141,1,0,1,1,2,2.0,4.0,2022
5,100000,6000,2,1359,1,1,1,4,0,9.0,12.0,2022
2,14000,1050,1,1520,1,2,0,2,2,1.0,1.0,2022
1,7500,390,1,290,1,2,1,1,2,0.0,1.0,2022
3,17500,950,1,2170,1,1,1,2,2,4.0,4.0,2022
3,27000,1500,1,1849,1,1,2,3,2,3.0,4.0,2022
2,16500,200,1,1575,1,2,1,2,2,2.0,2.0,2022
2,12000,926,2,1152,1,1,1,2,2,2.0,3.0,2022
3,45000,1700,1,600,1,1,0,3,2,3.0,3.0,2022
2,15000,1068,1,923,1,1,2,2,2,1.0,2.0,2022
3,14000,1800,1,1951,1,1,2,3,2,0.0,2.0,2022
2,17000,590,1,1195,1,1,1,2,2,0.0,3.0,2022
3,34999,1400,1,2118,1,1,1,3,0,2.0,4.0,2022
1,7000,550,1,1174,1,1,1,1,2,0.0,3.0,2022
1,10500,520,2,1806,1,1,1,1,2,3.0,4.0,2022
2,15000,900,2,2050,1,1,1,2,2,3.0,4.0,2022
2,10000,700,2,1350,1,1,1,2,2,0.0,3.0,2022
1,7000,400,2,1251,1,1,1,1,2,1.0,2.0,2022
4,200000,2280,1,1306,1,1,1,4,0,2.0,3.0,2022
2,12000,826,2,1251,1,1,1,2,2,1.0,2.0,2022
2,10000,1050,2,1805,1,1,1,2,2,1.0,2.0,2022
2,15000,700,2,64,1,1,1,2,2,0.0,2.0,2022
2,19000,800,1,1997,1,1,1,2,0,1.0,4.0,2022
2,25000,850,2,1439,1,0,1,2,2,1.0,15.0,2022
1,10000,502,2,1946,1,2,1,1,2,1.0,1.0,2022
2,13000,925,1,1378,1,2,0,2,2,1.0,2.0,2022
2,12500,500,2,1023,1,2,1,1,2,2.0,3.0,2022
2,10000,950,2,31,1,2,1,2,2,1.0,3.0,2022
2,16000,930,2,1274,1,1,1,2,2,1.0,4.0,2022
2,11000,950,1,1259,1,1,2,2,2,1.0,1.0,2022
2,13000,800,1,479,1,1,1,2,2,1.0,1.0,2022
2,15000,950,2,1370,1,1,2,1,2,1.0,2.0,2022
3,15000,1100,1,1539,1,2,2,2,2,1.0,1.0,2022
2,20000,750,2,119,1,2,1,3,2,3.0,4.0,2022
2,12000,1000,2,1977,1,1,1,2,2,3.0,5.0,2022
2,600000,950,1,2081,1,2,0,2,2,1.0,1.0,2022
2,11000,800,2,1352,1,1,2,2,2,1.0,2.0,2022
1,10000,500,1,1011,1,2,0,1,0,0.0,2.0,2022
3,30000,1500,1,1544,1,1,1,3,0,0.0,14.0,2022
1,8000,550,2,1464,1,0,1,1,2,2.0,2.0,2022
1,7000,400,2,1350,1,1,1,1,2,0.0,2.0,2022
1,10000,550,1,1134,1,2,0,1,2,2.0,3.0,2022
2,9300,730,2,86,1,2,1,1,2,1.0,2.0,2022
2,10500,1000,1,929,1,1,2,2,2,1.0,2.0,2022
2,16000,975,1,1041,1,1,1,2,0,0.0,2.0,2022
2,20000,1800,2,1436,1,1,1,2,2,12.0,19.0,2022
2,9000,745,2,86,1,1,1,2,2,1.0,2.0,2022
2,18000,900,1,1251,1,1,2,2,0,1.0,4.0,2022
2,10000,600,2,846,1,2,2,2,2,0.0,1.0,2022
2,16000,600,2,1745,1,2,1,2,2,2.0,2.0,2022
1,13500,450,1,1011,1,2,0,1,2,3.0,4.0,2022
2,16000,1030,2,1997,1,1,1,2,2,2.0,4.0,2022
2,8500,833,2,1524,1,2,1,2,2,1.0,2.0,2022
2,15000,1000,2,1152,1,1,1,2,2,0.0,3.0,2022
2,8200,840,1,2211,1,2,1,2,2,1.0,1.0,2022
2,20000,750,1,2071,1,0,2,2,2,1.0,5.0,2022
2,9000,950,2,972,1,1,1,2,2,2.0,3.0,2022
1,13500,550,2,119,1,1,1,1,2,0.0,1.0,2022
3,26000,1125,2,1575,1,1,1,2,2,2.0,3.0,2022
2,11000,700,1,2006,1,2,1,2,2,1.0,3.0,2022
2,18000,1100,2,1960,1,1,1,2,2,1.0,2.0,2022
2,10000,700,2,1051,1,2,1,2,2,0.0,2.0,2022
3,40000,1250,1,1946,1,1,0,3,0,2.0,4.0,2022
2,24000,1100,2,2046,1,2,1,2,2,0.0,3.0,2022
1,18000,475,1,1849,1,1,1,1,0,2.0,11.0,2022
2,11000,530,2,875,1,1,1,1,2,2.0,3.0,2022
2,23000,1050,1,2046,1,1,2,2,0,11.0,12.0,2022
2,11000,830,2,1805,1,1,2,2,2,0.0,2.0,2022
2,8000,809,2,423,1,2,1,2,2,1.0,2.0,2022
2,15000,900,2,972,1,1,1,2,2,0.0,3.0,2022
1,9500,700,2,1778,1,1,1,1,2,0.0,2.0,2022
2,13500,1150,2,1960,1,1,0,2,2,1.0,2.0,2022
1,11000,750,2,1545,1,1,1,1,2,0.0,2.0,2022
2,13000,920,2,2023,1,1,1,2,2,0.0,1.0,2022
2,25000,1050,1,2046,1,1,2,2,0,9.0,12.0,2022
2,12000,1800,2,1142,1,2,1,2,2,2.0,3.0,2022
2,25000,1000,1,42,1,1,0,2,0,1.0,2.0,2022
3,8500,1062,1,1876,1,1,1,2,2,1.0,3.0,2022
2,8500,800,2,86,1,2,1,2,2,0.0,1.0,2022
1,5000,450,2,1991,1,2,1,1,2,0.0,1.0,2022
2,8500,900,2,1524,1,2,1,1,2,0.0,1.0,2022
4,100000,2240,1,119,1,0,1,4,0,0.0,3.0,2022
1,7500,500,2,1043,1,2,1,1,2,0.0,2.0,2022
1,7000,750,2,1477,1,2,1,1,0,1.0,1.0,2022
3,26000,1400,2,423,1,1,1,3,2,11.0,15.0,2022
2,12000,1200,1,350,1,1,0,2,2,2.0,2.0,2022
2,18000,1424,2,2201,1,1,1,2,2,2.0,2.0,2022
1,13000,450,2,135,1,2,0,1,2,1.0,4.0,2022
3,160000,2700,2,1946,1,0,0,2,0,8.0,10.0,2022
2,8000,805,2,2035,1,2,1,2,2,1.0,2.0,2022
1,6000,434,2,1990,1,2,1,1,2,0.0,3.0,2022
2,12500,1000,2,1520,1,1,1,2,2,1.0,2.0,2022
1,6500,595,2,2073,1,1,1,1,2,1.0,1.0,2022
2,10000,685,2,1023,1,2,1,2,2,0.0,2.0,2022
2,12500,1075,2,1967,1,1,1,2,2,1.0,2.0,2022
3,22000,1100,1,2071,1,1,0,3,0,4.0,4.0,2022
2,17000,950,1,1152,1,2,2,2,2,1.0,2.0,2022
3,20000,1500,2,1807,1,2,0,3,2,19.0,31.0,2022
3,22000,1100,2,1544,1,1,1,2,2,0.0,2.0,2022
2,11500,1100,1,2050,1,1,0,2,2,2.0,2.0,2022
3,23000,1000,1,976,1,2,0,3,2,1.0,3.0,2022
2,19000,800,2,1195,1,1,1,2,2,2.0,4.0,2022
3,45000,1500,2,351,1,1,1,2,2,1.0,3.0,2022
3,17000,1250,2,1152,1,1,1,2,2,2.0,3.0,2022
2,9500,650,1,1475,1,2,1,2,2,1.0,2.0,2022
3,45000,1650,2,2050,1,2,1,3,0,1.0,5.0,2022
4,60000,2317,2,1849,1,2,1,4,0,10.0,12.0,2022
2,12000,950,2,1603,1,1,2,2,2,1.0,2.0,2022
3,40000,1700,2,881,1,0,1,3,2,3.0,5.0,2022
3,16000,1300,2,1544,1,0,1,2,2,1.0,2.0,2022
2,9000,805,2,1152,1,1,1,2,2,1.0,2.0,2022
2,35000,1109,2,43,1,1,1,2,2,3.0,3.0,2022
1,4000,300,2,2006,1,2,0,1,2,1.0,2.0,2022
2,11000,700,2,1984,1,2,1,1,2,1.0,3.0,2022
2,9500,950,2,1201,1,1,1,2,2,0.0,2.0,2022
3,25000,1290,2,1541,1,2,1,3,2,4.0,4.0,2022
2,10000,950,2,1720,1,2,1,2,2,0.0,2.0,2022
1,12000,400,2,272,1,0,1,1,2,1.0,3.0,2022
2,19397,2000,2,670,1,0,1,2,2,7.0,10.0,2022
2,12000,939,2,1397,1,1,1,2,2,3.0,4.0,2022
3,10000,1200,1,1043,1,2,1,3,2,1.0,3.0,2022
2,20000,1800,2,87,1,1,1,2,2,1.0,1.0,2022
3,15000,1200,1,1142,1,2,1,2,0,2.0,5.0,2022
2,28000,1200,2,1011,1,1,2,2,2,1.0,3.0,2022
3,10000,1750,2,1064,1,2,1,3,2,1.0,1.0,2022
1,3500,300,2,1275,1,2,1,1,2,0.0,2.0,2022
1,8000,650,1,1849,1,2,0,1,2,1.0,3.0,2022
2,13500,950,2,809,1,1,1,2,2,0.0,3.0,2022
3,36000,1610,2,2046,1,1,2,3,0,3.0,14.0,2022
2,15000,900,2,1016,1,2,1,2,2,1.0,2.0,2022
1,5000,550,1,1961,1,2,1,1,2,1.0,1.0,2022
2,10000,700,2,1350,1,2,1,2,2,0.0,2.0,2022
2,10000,800,2,1152,1,2,1,2,2,2.0,3.0,2022
2,8500,580,2,1849,1,1,1,2,2,3.0,5.0,2022
2,11000,950,2,1344,1,1,1,2,2,1.0,2.0,2022
1,8000,700,1,1375,1,2,1,1,2,1.0,1.0,2022
2,12000,600,2,291,1,1,1,1,2,0.0,3.0,2022
1,5000,200,2,1195,1,1,1,1,2,0.0,3.0,2022
1,7000,600,2,809,1,1,1,1,2,0.0,3.0,2022
2,15000,550,2,1306,1,2,1,2,2,0.0,3.0,2022
1,10000,600,2,1291,1,2,1,1,2,4.0,5.0,2022
3,37500,1680,2,2046,1,1,2,3,0,1.0,16.0,2022
2,7000,1100,1,974,1,2,1,2,2,1.0,1.0,2022
1,6500,600,2,423,1,2,1,1,2,0.0,2.0,2022
2,16000,820,1,1574,1,1,2,2,2,0.0,2.0,2022
3,34000,1125,1,2046,1,1,2,3,0,8.0,12.0,2022
2,11500,973,1,1459,1,1,2,2,2,4.0,4.0,2022
2,15000,780,2,672,1,0,1,1,2,1.0,2.0,2022
1,8000,400,2,1217,1,2,1,1,2,0.0,1.0,2022
4,220000,4000,2,1534,1,1,1,4,0,1.0,2.0,2022
2,22000,1000,1,1946,1,1,1,2,0,2.0,4.0,2022
3,85000,3500,1,1946,1,1,1,3,0,0.0,1.0,2022
1,6000,350,2,1154,1,1,1,1,2,0.0,2.0,2022
2,14000,800,1,421,1,1,0,2,2,2.0,2.0,2022
2,11500,700,2,1460,1,2,1,2,2,0.0,2.0,2022
1,6000,550,2,2105,1,2,1,1,2,0.0,2.0,2022
3,24000,2100,2,1350,1,1,1,4,2,0.0,2.0,2022
3,32000,1700,2,1523,1,1,1,3,2,2.0,2.0,2022
3,16000,1420,1,1628,1,1,1,2,2,0.0,1.0,2022
2,13000,950,1,528,1,1,1,2,2,1.0,2.0,2022
2,14000,780,2,1475,1,1,1,2,2,2.0,2.0,2022
1,7500,800,1,831,1,2,0,1,2,1.0,2.0,2022
2,10000,500,2,1044,1,1,1,1,2,2.0,4.0,2022
2,18500,1000,2,1806,1,1,1,2,2,25.0,32.0,2022
2,12000,750,2,1708,1,2,1,2,2,2.0,2.0,2022
2,17000,1200,1,426,1,2,1,2,2,2.0,2.0,2022
3,35000,1152,1,2046,1,1,2,3,0,10.0,14.0,2022
2,9000,843,2,1043,1,1,1,2,2,2.0,3.0,2022
2,13000,900,2,1806,1,2,1,2,2,1.0,3.0,2022
2,27999,1250,1,1343,1,1,1,2,0,2.0,4.0,2022
2,11000,650,2,1011,1,2,1,2,2,2.0,2.0,2022
4,140000,2600,1,1663,1,1,1,4,0,2.0,2.0,2022
1,12000,700,2,791,1,2,1,1,2,0.0,2.0,2022
2,13000,720,1,1755,1,2,2,2,2,1.0,2.0,2022
4,250000,3500,1,1534,1,1,1,4,0,1.0,4.0,2022
4,80000,3000,1,551,1,2,0,4,0,1.0,2.0,2022
2,22999,1144,1,809,1,1,1,2,0,1.0,1.0,2022
3,36000,1750,1,119,1,2,0,3,0,1.0,4.0,2022
3,70000,1450,2,1152,1,2,1,2,2,0.0,2.0,2022
2,12500,590,2,420,1,2,1,1,2,1.0,2.0,2022
2,18000,900,2,122,1,1,1,2,2,2.0,2.0,2022
2,10000,800,2,1649,1,1,1,1,2,1.0,2.0,2022
2,18000,1000,2,1849,1,1,1,2,2,1.0,3.0,2022
3,37000,1650,2,2046,1,1,2,3,0,2.0,14.0,2022
2,18000,700,1,1995,1,1,1,2,2,0.0,1.0,2022
3,25000,1280,2,1136,1,1,1,2,2,1.0,1.0,2022
2,10000,700,2,2163,1,2,1,2,2,0.0,2.0,2022
2,15000,980,2,1574,1,2,1,2,2,1.0,4.0,2022
2,15000,900,1,1649,1,1,1,2,2,2.0,2.0,2022
1,9000,450,2,2118,1,2,2,1,2,1.0,1.0,2022
2,14000,1200,2,1544,1,2,1,2,2,2.0,4.0,2022
2,8500,650,2,831,1,1,1,2,2,1.0,2.0,2022
3,35000,1903,2,1436,1,1,1,3,2,6.0,11.0,2022
2,10000,650,2,136,1,1,1,1,2,2.0,3.0,2022
1,5000,450,1,754,1,2,1,1,2,2.0,2.0,2022
2,23000,900,1,2166,1,2,0,2,2,3.0,5.0,2022
2,15000,550,2,146,1,2,2,1,2,2.0,3.0,2022
2,18500,750,2,42,1,1,1,2,2,0.0,3.0,2022
2,28000,1000,2,2071,1,1,1,2,2,2.0,4.0,2022
3,32000,1050,1,2046,1,1,2,3,0,4.0,12.0,2022
1,14000,650,1,1238,1,0,2,2,2,1.0,3.0,2022
1,7000,400,2,795,1,1,1,1,2,1.0,3.0,2022
3,33000,1075,1,2046,1,1,2,3,0,7.0,12.0,2022
3,100000,2000,1,81,1,1,0,3,0,3.0,14.0,2022
2,18000,720,2,969,1,1,1,2,2,4.0,5.0,2022
3,16000,1000,1,1540,1,2,0,2,2,1.0,3.0,2022
1,8500,500,2,170,1,2,1,1,2,0.0,2.0,2022
2,10000,900,2,1347,1,0,1,2,2,0.0,3.0,2022
2,13500,900,2,1865,1,1,1,2,2,5.0,7.0,2022
2,19000,900,2,1011,1,1,1,2,2,1.0,3.0,2022
1,11500,1000,2,171,1,2,1,2,2,1.0,2.0,2022
3,22000,1300,2,840,1,1,2,3,2,1.0,3.0,2022
3,12000,1383,2,1524,1,1,0,3,2,2.0,4.0,2022
2,10000,800,1,670,1,1,0,2,2,0.0,1.0,2022
2,15000,1500,1,1142,1,2,0,2,2,1.0,1.0,2022
3,35000,1350,1,122,1,1,0,2,0,0.0,2.0,2022
3,70000,2000,1,42,1,1,0,3,0,3.0,4.0,2022
3,32000,1200,1,122,1,2,0,2,0,0.0,4.0,2022
3,35000,1912,1,82,1,2,0,3,0,1.0,4.0,2022
1,10000,500,1,1440,1,2,0,1,2,1.0,2.0,2022
2,11000,950,2,810,1,2,0,2,2,1.0,1.0,2022
2,12000,1000,1,1023,1,2,0,2,2,1.0,1.0,2022
3,40000,1600,1,1565,1,2,0,3,2,11.0,16.0,2022
2,8000,900,2,1878,1,2,1,2,2,0.0,2.0,2022
3,20000,1265,2,31,1,1,1,2,2,1.0,3.0,2022
3,12000,1060,2,2035,1,1,1,2,2,3.0,4.0,2022
2,15000,1050,2,1251,1,1,1,2,2,1.0,2.0,2022
3,27000,1500,1,1525,1,2,0,3,0,2.0,4.0,2022
2,13000,890,1,1441,1,2,0,2,2,1.0,2.0,2022
2,9000,700,1,977,1,2,1,3,2,1.0,2.0,2022
3,25000,1146,1,407,1,1,1,2,2,1.0,2.0,2022
1,12000,700,2,1995,1,1,1,1,2,1.0,2.0,2022
2,18000,800,1,120,1,1,0,2,0,0.0,2.0,2022
2,9500,640,1,1275,1,2,1,2,2,0.0,1.0,2022
2,14000,909,2,1174,1,1,1,2,2,5.0,14.0,2022
4,40000,2400,1,1470,1,2,0,3,0,0.0,2.0,2022
4,70000,3800,1,795,1,1,1,4,0,0.0,1.0,2022
2,15000,400,2,1521,1,2,1,2,2,1.0,3.0,2022
2,8500,886,2,1473,1,2,2,2,2,2.0,3.0,2022
3,27500,1570,2,1849,1,1,1,3,2,4.0,5.0,2022
2,15000,900,2,1023,1,2,1,2,2,1.0,2.0,2022
1,5000,400,2,1251,1,2,1,1,2,0.0,2.0,2022
2,26000,1600,2,1152,1,1,1,2,2,0.0,2.0,2022
2,14000,1000,2,423,1,2,1,2,2,2.0,3.0,2022
2,20000,850,2,2071,1,1,1,2,2,0.0,4.0,2022
2,12000,750,2,113,1,2,1,2,2,0.0,3.0,2022
2,17000,750,2,927,1,2,1,2,2,1.0,2.0,2022
3,75000,2000,1,470,1,1,1,3,2,3.0,4.0,2022
3,19500,1270,2,1152,1,1,0,2,2,1.0,2.0,2022
2,10000,2000,1,1728,1,1,1,2,2,1.0,2.0,2022
2,32000,1250,2,1418,1,0,1,2,2,3.0,7.0,2022
2,15000,1000,2,2071,1,2,2,2,2,0.0,2.0,2022
3,28000,1050,1,1474,1,1,1,3,0,5.0,10.0,2022
2,10677,800,2,978,1,1,1,2,2,5.0,6.0,2022
3,50000,1625,2,1436,1,0,1,3,0,8.0,11.0,2022
3,32500,1535,2,958,1,2,1,3,0,1.0,2.0,2022
2,23000,850,1,420,1,0,1,2,2,1.0,2.0,2022
4,75000,3800,1,581,3,1,1,4,0,3.0,10.0,2022
4,250000,4500,1,867,3,1,2,4,0,0.0,2.0,2022
2,10000,1100,2,1255,3,2,1,2,2,1.0,3.0,2022
3,60000,3200,1,724,3,1,1,3,0,1.0,5.0,2022
2,12000,647,2,1282,3,2,1,1,2,2.0,3.0,2022
3,48000,1798,2,1028,3,1,1,3,0,7.0,14.0,2022
3,58000,1700,1,1950,3,0,1,3,0,11.0,17.0,2022
2,14000,930,2,1098,3,1,1,2,2,5.0,5.0,2022
1,7000,150,2,1304,3,2,1,1,2,0.0,2.0,2022
2,13000,1200,2,156,3,1,1,2,2,3.0,4.0,2022
2,11000,1250,2,2209,3,2,1,2,2,2.0,3.0,2022
2,9500,900,2,404,3,1,1,2,2,3.0,4.0,2022
1,7500,500,2,774,3,1,1,1,0,2.0,3.0,2022
2,14000,900,1,962,3,1,0,2,2,0.0,2.0,2022
2,16000,1100,2,774,3,0,2,2,0,2.0,5.0,2022
3,18000,1500,2,774,3,1,1,3,0,4.0,5.0,2022
1,8200,500,2,1098,3,2,1,1,2,1.0,3.0,2022
3,12000,1300,1,626,3,0,1,3,2,1.0,4.0,2022
1,10000,300,2,156,3,0,1,1,2,10.0,31.0,2022
2,13000,800,2,822,3,1,1,2,2,1.0,3.0,2022
3,22000,1400,1,142,3,1,1,2,2,1.0,6.0,2022
1,10500,500,2,1037,3,0,1,1,2,0.0,4.0,2022
2,11000,750,2,576,3,2,1,2,2,3.0,5.0,2022
3,20000,1200,2,25,3,1,1,3,2,2.0,4.0,2022
3,14000,1350,1,619,3,1,1,2,2,3.0,4.0,2022
2,12500,1400,2,1412,3,2,1,2,2,0.0,4.0,2022
1,10500,450,2,1145,3,2,1,1,2,3.0,5.0,2022
3,30000,2061,2,1573,3,0,1,3,2,1.0,6.0,2022
2,11000,100,2,1257,3,0,2,2,2,2.0,3.0,2022
2,9000,1100,2,2052,3,1,1,2,2,2.0,2.0,2022
3,35000,1650,1,1028,3,1,2,3,2,5.0,5.0,2022
3,23382,1500,2,69,3,1,1,3,2,1.0,1.0,2022
2,9500,1140,2,1412,3,1,1,2,2,3.0,4.0,2022
2,9000,990,2,316,3,2,0,2,2,0.0,1.0,2022
3,60000,1700,2,590,3,1,1,3,2,7.0,17.0,2022
2,11000,1200,2,222,3,2,1,2,2,2.0,4.0,2022
2,11000,850,2,1257,3,2,1,2,2,1.0,3.0,2022
2,11000,900,2,1304,3,2,1,2,2,2.0,3.0,2022
2,8000,800,2,649,3,1,1,2,2,0.0,2.0,2022
2,9000,1000,2,775,3,2,0,2,2,1.0,2.0,2022
2,8000,1020,2,775,3,1,1,2,2,3.0,4.0,2022
1,5500,300,2,94,3,2,1,1,2,0.0,3.0,2022
2,12000,1800,2,1587,3,1,1,2,2,0.0,2.0,2022
3,25000,919,1,1634,3,1,1,2,2,8.0,13.0,2022
3,23000,25,1,1766,3,1,1,3,2,5.0,6.0,2022
2,12000,1050,2,222,3,1,1,2,2,1.0,3.0,2022
2,6500,200,1,460,3,2,0,2,2,0.0,1.0,2022
1,9000,450,2,1282,3,2,1,1,2,1.0,4.0,2022
4,25000,1000,2,1356,3,1,1,3,2,15.0,20.0,2022
3,12500,1250,1,1025,3,1,0,2,2,2.0,5.0,2022
3,45000,1900,1,581,3,2,0,3,0,9.0,15.0,2022
2,27000,1500,2,228,3,1,1,2,2,0.0,4.0,2022
3,75000,2395,1,2125,3,1,2,3,0,14.0,17.0,2022
2,9000,1800,2,247,3,0,1,2,2,1.0,1.0,2022
2,12000,700,1,181,3,2,1,2,2,3.0,3.0,2022
3,24000,1700,2,69,3,2,2,2,0,4.0,5.0,2022
2,15000,1200,2,1665,3,2,0,2,2,2.0,3.0,2022
3,24000,1600,1,1270,3,1,1,3,2,3.0,5.0,2022
2,12000,745,2,1748,3,2,1,2,2,8.0,9.0,2022
3,27000,2210,2,1337,3,1,2,3,2,4.0,5.0,2022
3,30000,1450,1,376,3,1,1,3,2,9.0,13.0,2022
3,20000,1400,2,1351,3,1,2,3,2,3.0,4.0,2022
3,22000,2000,1,15,3,0,0,3,2,-1.0,3.0,2022
4,25000,1815,2,1435,3,1,1,3,2,2.0,5.0,2022
2,23000,1000,2,228,3,1,1,1,2,-1.0,3.0,2022
2,12000,1000,2,2188,3,2,1,2,2,3.0,3.0,2022
2,18000,1200,2,374,3,2,1,3,2,5.0,6.0,2022
3,55000,2430,2,590,3,1,0,3,0,7.0,9.0,2022
1,5000,140,2,1185,3,2,1,1,2,2.0,3.0,2022
2,13000,1200,2,1313,3,1,1,2,2,2.0,5.0,2022
2,9000,1100,2,316,3,2,1,3,2,2.0,4.0,2022
2,7000,800,1,338,3,2,0,2,2,1.0,3.0,2022
3,28000,1500,2,228,3,1,1,3,2,3.0,5.0,2022
2,15000,1200,2,91,3,1,1,2,2,2.0,5.0,2022
3,14000,1350,2,885,3,1,1,3,2,2.0,5.0,2022
5,45000,2300,1,1353,3,2,0,3,2,3.0,5.0,2022
1,12000,1300,2,80,3,0,1,2,2,2.0,4.0,2022
2,12500,1000,2,2033,3,1,1,2,2,3.0,4.0,2022
2,13000,1210,2,1412,3,2,1,2,2,4.0,5.0,2022
2,9500,1050,2,319,3,2,1,2,2,2.0,3.0,2022
3,35000,1600,1,1337,3,1,2,3,0,8.0,10.0,2022
1,4000,300,2,2194,3,2,1,1,2,3.0,3.0,2022
1,8000,300,2,1189,3,1,1,1,2,4.0,4.0,2022
2,12500,1010,1,544,3,2,0,2,2,5.0,5.0,2022
3,65000,1850,1,1511,3,0,0,3,2,5.0,5.0,2022
2,13000,1300,1,1648,3,1,0,2,2,0.0,3.0,2022
2,12500,1100,1,374,3,2,0,2,2,3.0,3.0,2022
3,45000,2200,1,724,3,1,1,3,0,3.0,5.0,2022
1,6000,500,0,1810,3,2,1,1,2,5.0,5.0,2022
3,50000,2290,2,1337,3,1,0,3,0,4.0,24.0,2022
3,40000,1900,1,724,3,1,1,3,0,4.0,5.0,2022
3,30000,1600,1,724,3,1,1,3,0,2.0,5.0,2022
2,7000,800,2,380,3,2,1,1,2,2.0,3.0,2022
3,25000,1600,2,1766,3,0,1,3,2,2.0,5.0,2022
1,9000,500,2,1270,3,2,1,1,2,1.0,5.0,2022
3,16000,1500,1,1549,3,0,2,3,2,2.0,3.0,2022
1,10500,650,2,228,3,1,1,1,2,1.0,3.0,2022
4,100000,3300,1,2125,3,1,2,4,0,0.0,14.0,2022
2,9000,1200,2,316,3,2,1,2,2,0.0,1.0,2022
2,11000,800,2,1642,3,1,1,2,2,2.0,3.0,2022
3,24000,1200,2,891,3,1,1,4,2,1.0,3.0,2022
2,12000,1000,2,1337,3,2,1,1,2,2.0,3.0,2022
2,20000,1600,2,1037,3,2,2,3,2,1.0,2.0,2022
2,24000,1200,1,515,3,0,1,2,2,1.0,3.0,2022
2,12000,1100,2,209,3,1,1,2,2,2.0,2.0,2022
3,12000,1250,1,80,3,1,2,3,2,2.0,6.0,2022
2,10000,1100,1,593,3,2,1,2,2,0.0,2.0,2022
2,45000,1600,2,970,3,0,1,2,2,1.0,6.0,2022
2,22000,1000,2,590,3,1,1,2,2,2.0,2.0,2022
1,6500,455,2,222,3,2,1,1,2,2.0,3.0,2022
3,40000,1473,2,1056,3,0,1,2,2,23.0,23.0,2022
5,300000,4050,2,223,3,2,1,4,2,0.0,5.0,2022
1,4000,400,2,326,3,2,1,1,2,0.0,1.0,2022
2,12000,1300,2,596,3,1,1,2,2,1.0,2.0,2022
4,27000,2520,1,473,3,1,2,5,2,2.0,2.0,2022
1,10000,500,2,590,3,0,1,1,2,2.0,5.0,2022
2,10000,200,2,1509,3,2,1,1,2,0.0,2.0,2022
2,10000,1200,2,2034,3,2,1,2,2,0.0,1.0,2022
3,18000,1950,2,2008,3,1,1,3,2,2.0,5.0,2022
1,14500,500,1,1028,3,1,0,1,0,2.0,5.0,2022
1,9000,500,2,1270,3,2,1,3,2,3.0,3.0,2022
2,14000,1150,2,222,3,0,1,2,2,1.0,3.0,2022
2,18000,242,2,20,3,2,1,2,2,0.0,4.0,2022
2,9500,720,1,1533,3,1,1,2,2,5.0,7.0,2022
3,49000,1800,2,1342,3,2,0,3,0,19.0,30.0,2022
1,9000,450,2,381,3,1,1,1,2,1.0,3.0,2022
2,130000,130,2,1095,3,2,1,2,2,1.0,1.0,2022
2,8000,690,2,1393,3,2,1,2,2,2.0,4.0,2022
2,13000,1000,2,1145,3,0,1,2,2,2.0,4.0,2022
3,18000,1500,2,1845,3,1,1,2,2,0.0,4.0,2022
3,18000,1150,2,1396,3,1,1,3,2,0.0,6.0,2022
3,32000,1783,2,649,3,1,1,2,2,1.0,5.0,2022
2,15000,900,2,1779,3,2,1,2,2,1.0,3.0,2022
3,35000,1725,2,1356,3,0,1,3,2,2.0,13.0,2022
1,6000,680,1,235,3,2,1,1,2,0.0,3.0,2022
1,9000,550,2,2032,3,1,1,1,2,2.0,3.0,2022
2,9500,1290,2,856,3,1,1,2,2,1.0,2.0,2022
2,12500,1450,2,144,3,1,1,2,2,0.0,2.0,2022
2,25000,1300,2,1145,3,1,1,2,2,3.0,3.0,2022
2,15000,1450,2,1323,3,1,1,2,2,2.0,4.0,2022
3,38000,1496,1,1028,3,1,0,2,0,10.0,15.0,2022
3,20000,1850,2,1025,3,1,2,2,2,1.0,5.0,2022
3,15000,1600,1,1435,3,1,1,3,2,2.0,4.0,2022
3,130000,3500,1,867,3,1,2,3,0,3.0,5.0,2022
3,27000,1850,2,1671,3,1,1,3,2,5.0,6.0,2022
2,16000,1210,2,1801,3,2,1,2,2,3.0,5.0,2022
2,13000,1400,2,1186,3,1,1,2,2,0.0,1.0,2022
2,10000,950,2,2032,3,1,1,2,2,0.0,4.0,2022
2,10000,878,2,1185,3,1,1,2,2,3.0,4.0,2022
2,17000,875,2,318,3,2,1,2,2,2.0,6.0,2022
2,12500,300,2,2052,3,0,1,2,2,3.0,4.0,2022
3,25000,1800,2,1412,3,0,1,3,2,4.0,5.0,2022
3,35000,1956,2,1270,3,1,0,3,2,1.0,9.0,2022
2,12000,800,2,891,3,2,1,1,2,2.0,4.0,2022
2,12000,1175,2,1826,3,2,1,2,2,5.0,5.0,2022
2,15000,1080,2,130,3,1,1,2,2,3.0,4.0,2022
3,45000,1955,2,1028,3,2,0,3,0,1.0,19.0,2022
2,20000,950,2,1235,3,2,1,2,2,1.0,5.0,2022
2,15000,800,2,1257,3,2,1,2,2,2.0,3.0,2022
2,10000,1090,2,770,3,2,1,2,2,2.0,4.0,2022
3,15000,1450,1,220,3,1,2,3,2,2.0,5.0,2022
2,19800,1070,1,884,3,1,1,2,2,3.0,4.0,2022
2,8500,60,2,673,3,2,1,2,2,3.0,5.0,2022
4,130000,3133,1,2125,3,0,2,5,0,14.0,14.0,2022
1,8500,900,1,2195,3,2,2,1,2,2.0,2.0,2022
1,4500,60,2,706,3,1,1,1,2,1.0,2.0,2022
2,9000,600,2,955,3,2,1,2,2,3.0,4.0,2022
1,13000,750,1,773,3,1,2,1,2,3.0,3.0,2022
2,18000,900,2,867,3,2,1,2,2,2.0,4.0,2022
3,26000,1800,1,2175,3,1,1,3,2,2.0,4.0,2022
1,17000,470,2,1028,3,0,1,1,0,3.0,5.0,2022
2,9000,720,2,255,3,2,1,2,2,1.0,3.0,2022
1,8000,450,2,1885,3,2,1,1,2,0.0,3.0,2022
2,10000,600,2,1149,3,2,1,2,2,7.0,7.0,2022
2,12000,1100,2,770,3,2,1,2,2,1.0,1.0,2022
2,14000,1300,2,776,3,2,1,2,2,3.0,3.0,2022
2,25000,1500,2,332,3,1,1,2,2,0.0,2.0,2022
2,22000,1200,2,590,3,0,1,2,2,4.0,8.0,2022
4,45000,3000,2,737,3,1,1,4,2,3.0,4.0,2022
3,20000,2000,1,955,3,1,1,3,2,1.0,1.0,2022
2,16000,800,2,1080,3,2,1,2,2,2.0,4.0,2022
3,35000,1000,1,1412,3,1,1,3,2,3.0,6.0,2022
2,15000,1200,2,1215,3,2,1,2,2,2.0,3.0,2022
1,5500,400,2,1648,3,2,1,1,1,1.0,2.0,2022
3,35000,1250,1,1885,3,2,0,2,2,4.0,5.0,2022
1,14000,700,1,375,3,1,1,1,2,5.0,5.0,2022
2,25000,1100,2,68,3,0,1,2,2,1.0,5.0,2022
4,36000,2050,2,1748,3,1,1,2,2,1.0,3.0,2022
2,20000,1428,2,255,3,1,2,2,0,4.0,8.0,2022
3,30000,1700,1,147,3,0,2,3,0,3.0,5.0,2022
2,12000,1140,2,1007,3,1,2,2,2,2.0,5.0,2022
2,16000,1000,2,147,3,1,1,2,0,2.0,5.0,2022
2,13000,1160,2,1549,3,2,0,2,2,3.0,5.0,2022
3,22000,3000,1,2226,3,0,1,2,2,3.0,5.0,2022
1,15000,450,2,1145,3,2,2,1,0,1.0,3.0,2022
3,14000,1540,2,156,3,2,1,2,2,2.0,5.0,2022
2,8000,1000,2,1794,3,1,1,2,2,2.0,8.0,2022
3,57000,1417,1,1341,3,0,0,3,0,7.0,30.0,2022
3,1200,2100,1,2032,3,0,1,3,2,1.0,3.0,2022
2,8000,550,1,1642,3,2,0,1,2,4.0,4.0,2022
3,15000,1600,2,1270,3,1,1,3,2,1.0,5.0,2022
2,17000,1200,2,1151,3,0,1,2,2,4.0,5.0,2022
2,12000,500,2,1744,3,0,1,2,2,1.0,2.0,2022
3,25000,1300,1,1215,3,1,1,2,2,0.0,5.0,2022
2,13000,600,2,1653,3,2,1,1,2,1.0,3.0,2022
3,35000,1565,1,883,3,0,1,3,2,1.0,6.0,2022
1,6500,350,2,1098,3,2,1,1,2,2.0,4.0,2022
2,11000,1100,2,1462,3,2,1,2,2,1.0,4.0,2022
2,25000,1200,2,2087,3,1,1,2,2,1.0,6.0,2022
3,35000,2000,2,1270,3,0,2,3,2,1.0,5.0,2022
3,27000,2200,2,2008,3,1,1,3,2,3.0,6.0,2022
3,18000,1400,2,2008,3,2,1,3,2,2.0,4.0,2022
3,20000,1950,2,1748,3,1,1,3,2,5.0,6.0,2022
2,8500,130,1,1656,3,2,1,2,2,1.0,1.0,2022
2,14000,1300,2,222,3,1,1,2,2,0.0,2.0,2022
3,35000,1675,2,590,3,2,1,3,2,5.0,12.0,2022
2,16000,1135,2,1915,3,1,1,2,2,3.0,5.0,2022
3,20000,1800,2,228,3,2,1,2,2,3.0,4.0,2022
3,18000,1400,2,156,3,0,1,3,2,1.0,5.0,2022
4,140000,3698,1,591,3,1,2,5,0,16.0,22.0,2022
2,10000,950,2,318,3,2,1,2,2,0.0,4.0,2022
2,12000,650,2,256,3,2,1,2,2,1.0,2.0,2022
1,5300,100,1,2178,3,1,1,1,2,3.0,3.0,2022
2,11000,950,1,778,3,2,0,2,2,2.0,3.0,2022
2,12000,1000,1,1395,3,2,0,2,2,1.0,2.0,2022
2,12000,900,1,680,3,1,1,1,2,3.0,4.0,2022
3,20000,1800,1,2016,3,1,1,3,2,7.0,10.0,2022
2,13000,1000,2,955,3,2,1,2,2,2.0,3.0,2022
3,22000,1800,2,770,3,1,1,3,2,2.0,5.0,2022
2,15000,1000,2,774,3,1,1,2,2,2.0,4.0,2022
1,5400,450,2,850,3,2,1,1,2,1.0,2.0,2022
3,16500,1771,2,219,3,2,1,3,2,2.0,5.0,2022
2,12000,1150,1,2,3,0,1,2,2,4.0,5.0,2022
2,8500,1000,2,1304,3,1,1,2,2,2.0,3.0,2022
2,14000,1050,1,156,3,1,0,2,2,2.0,5.0,2022
3,15000,1500,1,1270,3,2,1,2,2,2.0,3.0,2022
2,6000,750,2,1643,3,2,1,2,2,1.0,2.0,2022
2,14000,1100,2,1257,3,1,1,2,2,0.0,4.0,2022
2,15000,800,2,1682,3,2,1,2,2,0.0,3.0,2022
3,37000,150,1,867,3,2,0,3,0,1.0,5.0,2022
1,6500,750,2,234,3,2,1,1,2,2.0,3.0,2022
2,10000,600,2,326,3,2,1,1,2,2.0,3.0,2022
2,12000,1080,2,687,3,1,1,2,2,2.0,3.0,2022
2,12000,1100,2,1412,3,2,1,2,2,3.0,3.0,2022
2,9000,750,2,80,3,1,1,2,2,2.0,3.0,2022
3,60000,2405,2,995,3,1,0,4,0,10.0,14.0,2022
2,18000,1248,1,1037,3,1,1,2,2,4.0,5.0,2022
2,14000,1110,1,493,3,1,1,2,2,2.0,5.0,2022
3,50000,2300,1,147,3,1,1,3,0,2.0,5.0,2022
2,17000,1000,1,1151,3,0,0,2,2,3.0,5.0,2022
2,9000,800,2,1435,3,2,1,2,2,4.0,5.0,2022
4,80000,3115,2,748,3,0,1,5,2,3.0,3.0,2022
1,7500,500,2,1794,3,2,1,1,2,1.0,2.0,2022
2,14000,950,1,1270,3,2,1,2,2,5.0,5.0,2022
2,14000,1374,2,2016,3,1,1,2,2,2.0,3.0,2022
1,10000,1300,1,996,3,0,1,1,2,0.0,1.0,2022
2,17000,1150,2,24,3,0,1,2,2,5.0,6.0,2022
1,6500,450,1,1056,3,1,0,1,2,2.0,3.0,2022
2,10000,927,2,188,3,1,1,2,2,3.0,5.0,2022
3,22000,1500,2,1634,3,2,1,3,2,4.0,5.0,2022
2,15000,1200,2,156,3,2,1,2,2,1.0,3.0,2022
2,12000,1200,2,1507,3,1,1,2,2,0.0,2.0,2022
3,52000,2800,1,1021,3,0,2,3,0,16.0,19.0,2022
1,6500,562,2,91,3,2,1,1,2,3.0,4.0,2022
2,20000,1500,2,2008,3,1,1,2,2,1.0,3.0,2022
3,25000,1950,2,1028,3,1,1,3,2,0.0,3.0,2022
3,14000,1360,2,626,3,0,0,2,2,3.0,8.0,2022
3,25000,1800,2,1557,3,1,1,3,2,1.0,3.0,2022
2,12500,950,2,891,3,1,1,2,2,2.0,8.0,2022
2,12000,780,1,1894,3,2,0,2,2,3.0,3.0,2022
1,10000,500,2,994,3,1,1,1,2,1.0,3.0,2022
2,17000,1050,2,147,3,1,1,2,2,3.0,5.0,2022
1,15500,600,1,1028,3,1,0,1,0,-1.0,5.0,2022
3,65000,1800,1,228,3,1,1,3,0,0.0,1.0,2022
3,60000,1800,1,590,3,2,1,3,0,14.0,30.0,2022
3,45000,1900,1,590,3,1,2,3,0,4.0,10.0,2022
2,10500,1100,2,1733,3,2,1,2,2,3.0,5.0,2022
2,9000,200,2,181,3,2,1,1,2,2.0,7.0,2022
3,20000,1400,2,1362,3,1,1,3,2,3.0,5.0,2022
2,20000,1200,1,1028,3,1,0,2,0,2.0,5.0,2022
3,18000,1600,2,1587,3,0,1,3,2,2.0,5.0,2022
2,12000,1150,2,1412,3,1,1,2,2,2.0,5.0,2022
2,12000,130,2,1912,3,2,1,2,2,2.0,3.0,2022
4,120000,3800,1,1139,3,1,1,4,0,1.0,1.0,2022
3,28000,1720,2,1356,3,1,1,3,2,4.0,10.0,2022
1,6000,500,2,706,3,2,1,1,2,1.0,3.0,2022
2,12500,1200,2,1257,3,2,1,2,2,2.0,6.0,2022
4,31000,2400,2,2033,3,1,1,4,2,2.0,4.0,2022
2,7000,800,2,316,3,0,1,2,2,3.0,4.0,2022
2,22000,1300,2,248,3,1,1,2,2,4.0,5.0,2022
2,17500,1400,2,1270,3,0,1,2,2,4.0,6.0,2022
2,14000,650,2,1463,3,2,1,2,2,1.0,3.0,2022
2,9500,103,2,316,3,2,1,2,2,2.0,4.0,2022
1,7000,950,2,1037,3,1,1,1,2,1.0,5.0,2022
3,15000,1500,2,1595,3,2,1,3,2,3.0,5.0,2022
3,15000,1550,1,3,3,2,1,2,2,5.0,5.0,2022
2,10000,140,2,1881,3,2,1,2,2,2.0,4.0,2022
3,14000,1800,2,944,3,2,1,2,2,1.0,2.0,2022
4,85000,2550,1,228,3,1,1,4,0,2.0,3.0,2022
1,5500,500,2,2094,3,2,1,1,2,0.0,3.0,2022
2,14000,800,2,1056,3,1,1,2,2,0.0,3.0,2022
2,10000,800,2,1056,3,1,1,2,2,1.0,2.0,2022
2,10000,1300,2,1733,3,2,1,2,2,2.0,4.0,2022
2,13000,600,2,228,3,2,1,2,2,2.0,3.0,2022
3,20000,1000,2,2008,3,2,1,3,2,2.0,6.0,2022
3,25000,1000,1,1420,3,1,1,3,2,1.0,4.0,2022
1,7500,500,2,833,3,1,1,1,2,2.0,3.0,2022
1,200000,8000,2,0,3,2,1,10,2,0.0,4.0,2022
2,12000,1100,1,605,3,2,1,2,2,2.0,3.0,2022
2,9500,1100,1,933,3,2,1,2,2,0.0,3.0,2022
2,12000,200,1,2210,3,2,0,2,2,1.0,1.0,2022
2,10000,1800,2,316,3,2,2,2,2,2.0,3.0,2022
2,8000,190,2,677,3,0,1,2,2,1.0,1.0,2022
3,16000,1350,2,1743,3,2,1,2,2,1.0,3.0,2022
2,12333,1200,2,80,3,2,1,2,2,0.0,1.0,2022
1,9500,400,1,289,3,2,0,1,2,3.0,4.0,2022
2,16000,1200,2,1215,3,1,1,2,2,0.0,4.0,2022
3,20000,1400,2,1744,3,1,1,3,2,4.0,5.0,2022
3,14000,1300,1,1683,3,2,0,3,2,2.0,3.0,2022
1,7500,400,1,452,3,2,1,1,2,2.0,2.0,2022
1,13900,650,2,1936,3,2,1,1,2,1.0,6.0,2022
1,5500,500,2,2084,3,2,0,1,2,2.0,3.0,2022
2,9000,875,2,156,3,1,1,2,2,4.0,5.0,2022
1,4700,850,2,1,3,2,1,2,2,3.0,3.0,2022
3,30000,1730,2,1334,3,1,1,3,2,7.0,9.0,2022
3,16500,1500,1,1025,3,1,0,3,2,2.0,6.0,2022
3,24000,1600,1,59,3,1,1,3,2,4.0,4.0,2022
2,9500,900,2,1519,3,2,1,2,2,1.0,2.0,2022
2,12000,925,2,376,3,1,1,2,2,2.0,2.0,2022
2,15000,1500,2,1070,3,2,1,2,2,2.0,4.0,2022
3,22500,1600,1,1964,3,1,2,3,2,1.0,3.0,2022
3,32000,1300,1,228,3,1,0,3,0,2.0,3.0,2022
2,10000,1200,2,1748,3,1,1,2,2,0.0,3.0,2022
2,13000,133,2,1435,3,1,1,2,2,1.0,2.0,2022
2,7000,950,2,1656,3,2,2,2,2,0.0,1.0,2022
3,12000,1200,2,1779,3,1,1,3,2,3.0,4.0,2022
2,7500,950,2,1037,3,2,1,2,2,1.0,2.0,2022
2,15000,1095,2,675,3,1,1,2,2,4.0,5.0,2022
1,8000,400,2,374,3,2,1,1,2,3.0,4.0,2022
3,25000,2210,2,1337,3,1,2,3,2,4.0,5.0,2022
3,26000,1450,2,1145,3,1,1,2,0,4.0,5.0,2022
3,15000,192,2,318,3,1,1,3,2,2.0,4.0,2022
1,3000,80,2,1675,3,1,1,1,2,0.0,2.0,2022
2,12500,1315,2,96,3,1,1,2,2,0.0,2.0,2022
3,42000,1600,1,867,3,1,1,3,0,2.0,5.0,2022
2,20000,1450,2,1885,3,1,1,2,2,2.0,6.0,2022
3,40000,1900,1,580,3,1,1,3,0,2.0,5.0,2022
3,45000,2600,1,228,3,1,1,3,0,2.0,5.0,2022
1,8500,450,2,688,3,2,1,2,2,0.0,1.0,2022
2,15000,1000,2,1885,3,1,1,2,2,4.0,5.0,2022
2,9000,100,2,373,3,2,1,2,2,2.0,3.0,2022
2,14000,1100,2,1437,3,2,1,2,2,0.0,3.0,2022
2,11000,1200,2,2018,3,2,1,2,2,2.0,2.0,2022
2,10000,1400,2,1643,3,2,1,2,2,2.0,4.0,2022
3,55000,2000,1,590,3,1,2,3,0,0.0,12.0,2022
2,10000,1070,1,685,3,2,2,2,2,2.0,5.0,2022
2,25000,1450,1,353,3,2,2,2,2,3.0,3.0,2022
2,27000,1230,2,1573,3,0,1,2,2,1.0,6.0,2022
2,12000,1000,2,1071,3,1,0,3,2,0.0,2.0,2022
2,16000,1200,2,411,3,2,1,2,2,1.0,2.0,2022
2,8000,150,2,1456,3,2,1,2,2,0.0,1.0,2022
2,14000,850,2,1811,3,1,2,2,2,4.0,6.0,2022
2,10000,1300,2,1319,3,2,1,2,2,0.0,1.0,2022
4,150000,4761,2,1056,3,1,2,5,0,14.0,18.0,2022
2,16000,1250,2,1549,3,1,1,2,2,1.0,5.0,2022
1,6000,100,2,326,3,2,1,1,2,2.0,3.0,2022
3,26000,1550,1,1070,3,2,0,2,2,4.0,5.0,2022
2,13000,1300,1,1748,3,2,1,2,2,2.0,2.0,2022
3,28000,1600,1,222,3,1,0,2,2,5.0,20.0,2022
2,8500,1200,2,1252,3,2,1,3,2,0.0,2.0,2022
2,12500,1200,2,1025,3,1,1,2,2,2.0,5.0,2022
3,25000,1970,2,1025,3,1,1,3,2,5.0,9.0,2022
2,10000,650,1,1340,3,2,0,2,2,4.0,4.0,2022
2,12000,1000,2,1801,3,2,1,3,2,4.0,5.0,2022
3,15000,1500,2,1435,3,2,1,3,2,1.0,1.0,2022
2,6000,1250,2,90,3,2,2,2,2,0.0,1.0,2022
3,30000,1940,1,769,3,1,0,3,2,1.0,5.0,2022
2,18000,700,1,1633,3,2,1,2,2,7.0,8.0,2022
2,8500,700,2,340,3,1,1,1,2,2.0,3.0,2022
2,7500,100,2,91,3,2,1,2,2,1.0,3.0,2022
1,12000,300,2,590,3,1,1,1,2,2.0,3.0,2022
2,15000,980,2,1098,3,1,1,2,2,3.0,5.0,2022
2,15500,800,2,1551,3,1,1,2,2,2.0,2.0,2022
3,20000,1250,2,1588,3,2,1,2,2,2.0,6.0,2022
2,11000,1000,1,255,3,1,2,2,2,0.0,1.0,2022
2,15000,1000,2,1257,3,2,1,2,2,0.0,4.0,2022
3,17000,1800,1,222,3,2,1,3,2,0.0,1.0,2022
3,20000,2000,1,1904,3,1,1,3,2,1.0,3.0,2022
3,20000,1500,2,1518,3,1,1,3,2,1.0,6.0,2022
2,12000,1050,2,2032,3,2,1,3,2,3.0,4.0,2022
2,25000,1100,2,2033,3,0,1,2,2,1.0,7.0,2022
2,11500,1000,1,156,3,1,1,2,2,2.0,3.0,2022
2,6500,700,2,1255,3,2,1,2,2,2.0,3.0,2022
1,10000,750,2,1186,3,2,1,1,2,1.0,2.0,2022
1,6000,450,2,1748,3,2,1,1,2,2.0,6.0,2022
3,14000,1000,2,1183,3,2,1,2,2,1.0,2.0,2022
3,34000,1500,1,590,3,1,2,3,0,2.0,14.0,2022
2,15000,1550,2,1070,3,0,2,2,2,0.0,13.0,2022
2,20000,1450,2,1070,3,1,1,2,2,2.0,3.0,2022
2,9500,650,1,255,3,2,1,2,2,3.0,5.0,2022
2,10000,650,1,255,3,2,1,2,2,3.0,5.0,2022
3,30000,1500,1,1028,3,1,1,3,0,5.0,5.0,2022
2,13000,900,2,1573,3,0,1,2,2,2.0,3.0,2022
3,45000,1645,1,1021,3,1,1,3,0,8.0,19.0,2022
2,8000,600,2,67,3,2,1,2,2,4.0,7.0,2022
2,25000,1250,2,69,3,1,1,2,2,0.0,6.0,2022
2,12000,1300,1,1740,3,1,0,2,2,1.0,2.0,2022
2,19000,1000,1,1215,3,1,2,2,2,1.0,3.0,2022
3,22000,1500,2,792,3,1,1,3,2,4.0,6.0,2022
2,15000,1150,2,1915,3,1,1,2,2,4.0,5.0,2022
2,15000,110,2,1257,3,1,1,2,2,2.0,3.0,2022
2,10000,103,2,1748,3,2,1,2,2,0.0,1.0,2022
2,10000,1050,1,706,3,2,0,2,2,4.0,5.0,2022
2,7000,60,2,1272,3,2,1,2,2,1.0,6.0,2022
2,15000,1170,2,1877,3,2,1,2,2,2.0,4.0,2022
2,9500,167,2,694,3,2,1,2,2,0.0,1.0,2022
1,6500,500,2,2180,3,1,1,1,2,2.0,2.0,2022
1,10000,600,2,867,3,2,1,1,2,0.0,4.0,2022
1,8000,600,2,1549,3,2,1,1,2,1.0,4.0,2022
1,3300,200,2,1283,3,2,1,1,2,0.0,2.0,2022
2,12000,600,2,2033,3,2,1,1,2,1.0,2.0,2022
2,20000,900,2,724,3,1,1,2,2,2.0,4.0,2022
2,12000,800,2,222,3,2,1,2,2,0.0,6.0,2022
3,20000,1000,1,1450,3,1,1,2,2,2.0,4.0,2022
3,70000,3200,1,581,3,1,2,3,0,11.0,15.0,2022
2,10000,1400,2,297,3,0,1,2,2,0.0,1.0,2022
1,8500,550,2,1056,3,2,1,1,2,0.0,2.0,2022
1,8000,540,1,1766,3,2,2,1,2,4.0,4.0,2022
1,8000,400,2,1323,3,2,1,1,2,0.0,3.0,2022
2,13000,1225,2,1925,3,2,0,2,2,2.0,4.0,2022
3,15500,1430,1,515,3,0,1,2,2,1.0,1.0,2022
2,30000,1200,2,1341,3,0,1,2,2,2.0,25.0,2022
2,10000,1197,2,460,3,2,1,2,2,0.0,2.0,2022
2,18000,1150,1,1028,3,1,0,2,0,2.0,5.0,2022
1,12000,500,2,1028,3,1,1,1,2,4.0,5.0,2022
2,9000,1200,1,596,3,1,1,2,2,0.0,2.0,2022
1,6000,500,2,593,3,1,1,2,2,2.0,4.0,2022
3,32000,1600,2,1619,3,0,1,3,2,3.0,6.0,2022
2,36000,1100,2,1145,3,0,1,2,2,1.0,5.0,2022
2,17000,1220,2,1235,3,1,1,2,2,1.0,6.0,2022
3,20000,1500,2,687,3,0,1,3,2,2.0,5.0,2022
1,9000,500,2,884,3,2,1,1,2,4.0,4.0,2022
2,9500,850,2,475,3,2,1,2,2,2.0,3.0,2022
2,7000,1000,2,176,3,2,1,2,2,2.0,3.0,2022
3,17000,100,1,1235,3,2,1,3,2,1.0,1.0,2022
2,19500,1140,2,1270,3,0,1,2,2,0.0,5.0,2022
2,25000,1100,2,1235,3,0,1,2,2,2.0,3.0,2022
3,14000,1400,2,318,3,1,1,2,2,3.0,4.0,2022
2,16000,1350,2,1056,3,1,1,2,2,3.0,5.0,2022
2,15000,180,1,891,3,2,1,2,2,0.0,2.0,2022
2,13000,1250,2,1070,3,2,1,2,2,2.0,6.0,2022
2,12000,1300,2,1518,3,2,1,2,2,2.0,5.0,2022
2,12000,840,2,1438,3,2,1,2,2,2.0,4.0,2022
2,7500,1200,2,460,3,1,1,2,2,1.0,3.0,2022
2,13000,700,2,687,3,0,1,2,2,3.0,4.0,2022
4,52000,2700,2,590,3,0,1,4,2,11.0,13.0,2022
2,22000,1100,1,1270,3,0,2,2,0,1.0,12.0,2022
2,18000,1000,1,2032,3,1,0,2,2,0.0,2.0,2022
2,7000,1000,2,706,3,1,1,3,2,1.0,2.0,2022
3,16500,1600,2,156,3,1,2,3,2,2.0,5.0,2022
3,13000,1550,1,222,3,2,0,3,2,1.0,5.0,2022
1,6000,600,2,91,3,1,1,1,2,0.0,4.0,2022
1,6000,500,2,1596,3,1,1,1,2,1.0,2.0,2022
2,21000,1100,1,724,3,1,1,2,0,4.0,5.0,2022
3,10000,1000,1,1215,3,0,2,2,2,2.0,2.0,2022
2,12000,1000,2,1037,3,1,1,2,2,2.0,2.0,2022
3,30000,1800,1,101,3,2,1,3,2,5.0,5.0,2022
2,15000,1300,1,1028,3,1,1,2,0,3.0,5.0,2022
2,10000,1100,2,955,3,2,1,2,2,0.0,2.0,2022
2,9000,950,2,374,3,2,1,2,2,2.0,3.0,2022
2,10000,1000,1,1683,3,1,0,2,2,2.0,3.0,2022
2,8000,1200,2,706,3,2,1,2,2,1.0,3.0,2022
6,60000,2800,2,316,3,0,1,7,2,0.0,3.0,2022
2,8000,550,2,156,3,2,1,2,2,2.0,4.0,2022
2,8500,1000,1,1252,3,1,1,2,2,2.0,16.0,2022
2,7500,800,2,1549,3,1,1,2,2,2.0,4.0,2022
2,5000,600,2,1255,3,2,1,1,2,0.0,2.0,2022
3,30000,1800,1,101,3,2,2,3,2,5.0,5.0,2022
1,7500,500,2,367,3,1,1,1,2,1.0,3.0,2022
2,12000,1000,2,1642,3,2,1,2,2,2.0,4.0,2022
2,15500,1100,2,891,3,1,1,2,2,3.0,4.0,2022
3,26000,1450,2,1107,3,1,2,2,2,4.0,7.0,2022
1,8000,550,2,1665,3,1,1,1,2,2.0,3.0,2022
2,12000,933,2,1025,3,2,0,2,2,2.0,5.0,2022
3,15000,1100,1,1556,3,1,1,2,2,1.0,10.0,2022
2,10000,1030,2,515,3,1,2,2,2,3.0,6.0,2022
3,20000,1150,1,1550,3,1,2,3,2,2.0,4.0,2022
2,12500,850,1,1563,3,2,0,2,2,0.0,5.0,2022
2,18000,1000,2,1028,3,2,1,2,2,2.0,3.0,2022
3,21000,1400,1,1070,3,1,2,3,2,3.0,4.0,2022
3,95000,2700,1,590,3,0,0,3,0,23.0,30.0,2022
3,26000,1700,1,688,3,1,2,3,2,7.0,14.0,2022
3,53000,1742,2,590,3,1,2,2,0,25.0,35.0,2022
2,13000,1000,2,1270,3,2,1,2,2,3.0,4.0,2022
2,12000,1440,2,156,3,1,1,2,2,1.0,3.0,2022
3,28000,1600,2,374,3,1,1,3,2,1.0,6.0,2022
3,57000,1838,2,590,3,2,0,3,0,4.0,30.0,2022
2,10000,1200,2,255,3,2,0,2,2,2.0,2.0,2022
3,21467,200,2,2032,3,2,1,1,2,1.0,1.0,2022
1,32000,1050,1,228,3,0,0,1,0,2.0,3.0,2022
1,7000,400,1,767,3,2,1,1,2,4.0,4.0,2022
2,30000,1350,2,590,3,1,0,2,0,5.0,14.0,2022
3,40000,1960,2,1337,3,2,0,3,0,13.0,25.0,2022
1,9000,800,2,1323,3,2,1,1,2,1.0,2.0,2022
2,15000,1000,2,188,3,2,0,2,2,2.0,5.0,2022
2,18000,1100,2,256,3,2,1,2,2,1.0,4.0,2022
3,25000,1480,2,1411,3,0,1,3,2,2.0,3.0,2022
1,8500,700,1,688,3,2,1,1,2,0.0,3.0,2022
3,20000,1500,2,1270,3,0,1,2,2,5.0,6.0,2022
2,12000,1000,2,2034,3,1,1,2,2,5.0,6.0,2022
2,12500,900,2,2008,3,1,1,2,2,1.0,3.0,2022
3,25000,1250,2,1671,3,1,1,2,2,2.0,8.0,2022
2,10000,1100,2,376,3,2,1,3,2,2.0,2.0,2022
3,18000,1300,2,1080,3,1,0,2,2,3.0,3.0,2022
3,12000,1275,1,1634,3,2,1,2,2,4.0,5.0,2022
3,13000,1265,2,1549,3,1,1,3,2,2.0,5.0,2022
1,13000,700,1,1488,3,2,0,1,2,1.0,3.0,2022
2,25000,1150,2,1145,3,0,1,2,2,1.0,5.0,2022
2,9000,850,1,1900,3,1,2,2,2,0.0,2.0,2022
2,10000,1285,2,1183,3,1,1,2,2,2.0,4.0,2022
3,15000,2000,2,1998,3,1,1,3,2,0.0,2.0,2022
2,20000,1000,2,318,3,1,1,3,2,1.0,1.0,2022
1,13500,700,2,590,3,1,1,1,2,4.0,4.0,2022
3,21000,1100,2,1634,3,1,1,2,2,4.0,10.0,2022
2,10000,1000,2,2008,3,1,1,2,2,1.0,3.0,2022
2,10000,800,2,410,3,2,1,2,2,0.0,5.0,2022
2,10000,1400,2,97,3,0,1,2,2,0.0,1.0,2022
2,24000,1350,1,737,3,1,1,2,2,1.0,5.0,2022
2,13000,1100,2,769,3,1,1,2,2,1.0,4.0,2022
2,8000,840,2,1722,3,2,1,2,2,2.0,3.0,2022
2,55000,1325,2,590,3,0,1,2,2,6.0,8.0,2022
5,50000,3500,1,1648,3,2,1,6,2,2.0,3.0,2022
3,32000,1250,1,375,3,1,1,3,2,5.0,6.0,2022
3,22000,1500,2,1526,3,1,1,3,2,3.0,6.0,2022
2,8500,1050,1,775,3,2,1,2,2,1.0,2.0,2022
3,12000,1200,2,2008,3,1,1,2,2,2.0,3.0,2022
3,15000,1500,1,880,3,1,1,3,2,4.0,5.0,2022
1,3000,100,2,1396,3,1,1,1,2,1.0,2.0,2022
3,52000,1742,2,590,3,1,2,3,0,23.0,35.0,2022
2,9500,650,1,2186,3,2,1,2,2,3.0,4.0,2022
3,46000,2235,1,590,3,2,2,5,0,0.0,10.0,2022
2,12000,1000,2,654,3,1,1,2,2,1.0,3.0,2022
2,8000,175,2,1437,3,1,1,2,2,1.0,3.0,2022
2,9000,160,2,1319,3,2,1,2,2,0.0,2.0,2022
2,10000,1200,2,856,3,0,1,2,2,2.0,3.0,2022
2,39000,1283,2,590,3,2,0,2,0,5.0,34.0,2022
1,9000,600,2,509,3,1,1,1,0,1.0,3.0,2022
4,120000,3455,2,1145,3,1,2,4,0,12.0,17.0,2022
3,25000,1500,1,172,3,1,2,3,2,1.0,2.0,2022
1,14000,540,1,1028,3,2,0,1,0,1.0,5.0,2022
1,6000,500,2,1096,3,2,1,1,2,2.0,2.0,2022
2,15000,1100,2,496,3,2,1,2,2,1.0,4.0,2022
2,8000,1350,1,316,3,2,0,2,2,1.0,2.0,2022
1,6000,400,2,1828,3,2,1,1,2,2.0,2.0,2022
2,10000,120,2,2052,3,1,1,2,2,0.0,2.0,2022
3,35000,3050,2,1748,3,1,1,3,2,0.0,2.0,2022
2,16000,400,2,1435,3,2,1,3,2,0.0,2.0,2022
2,14000,800,2,515,3,1,1,2,2,1.0,4.0,2022
2,10000,90,2,91,3,2,1,1,2,0.0,3.0,2022
1,7000,500,2,374,3,2,1,1,2,1.0,4.0,2022
2,8000,1150,2,1008,3,2,1,2,2,1.0,4.0,2022
3,22000,1700,2,2048,3,1,1,2,2,2.0,3.0,2022
2,12000,1000,2,1314,3,2,1,2,2,3.0,5.0,2022
3,10000,1100,1,1215,3,1,1,1,0,1.0,4.0,2022
3,15000,1360,2,190,3,1,1,3,2,6.0,8.0,2022
1,6500,400,2,1056,3,2,1,1,2,1.0,2.0,2022
2,25000,1150,2,228,3,2,1,2,2,1.0,4.0,2022
2,12000,700,2,1463,3,1,1,2,2,1.0,5.0,2022
1,9000,100,1,688,3,2,1,1,2,-1.0,4.0,2022
2,7000,800,1,316,3,2,0,2,2,0.0,1.0,2022
2,20000,500,2,547,3,1,1,2,2,1.0,5.0,2022
2,9000,900,2,1648,3,1,1,2,2,1.0,3.0,2022
3,30000,1500,1,1885,3,1,1,2,2,3.0,4.0,2022
3,15500,1600,2,1148,3,1,2,3,2,1.0,4.0,2022
2,10500,1300,2,1070,3,2,1,2,2,1.0,3.0,2022
3,16000,1305,2,332,3,1,1,2,2,2.0,5.0,2022
1,6000,400,2,1255,3,2,1,1,2,1.0,2.0,2022
2,15000,600,2,995,3,0,1,2,2,1.0,2.0,2022
2,21000,1130,2,769,3,2,0,2,2,3.0,5.0,2022
4,400000,7000,1,867,3,1,1,6,0,-1.0,2.0,2022
1,9000,890,1,94,3,1,0,1,2,4.0,5.0,2022
3,30000,1606,2,1518,3,1,1,3,2,9.0,19.0,2022
1,6500,650,2,1587,3,2,1,1,2,0.0,3.0,2022
2,6000,600,2,2052,3,2,1,1,2,3.0,4.0,2022
2,45000,1350,1,590,3,0,0,2,0,20.0,35.0,2022
2,15000,1050,2,2074,3,2,1,2,2,1.0,4.0,2022
2,16000,1600,2,1434,3,2,1,3,2,1.0,2.0,2022
3,22000,1840,2,1270,3,1,1,3,2,3.0,6.0,2022
2,12000,1100,2,1811,3,2,1,2,2,5.0,6.0,2022
2,13000,800,2,1588,3,1,1,2,2,2.0,3.0,2022
2,10000,800,2,1748,3,2,1,2,2,0.0,3.0,2022
2,15000,1100,2,316,3,1,1,2,2,1.0,5.0,2022
3,15000,2000,2,324,3,1,1,3,2,0.0,1.0,2022
1,9000,750,2,207,3,2,1,1,2,2.0,5.0,2022
3,20000,1650,2,1533,3,1,1,2,2,3.0,5.0,2022
2,6500,600,2,2052,3,2,1,2,2,2.0,2.0,2022
3,45000,2352,1,590,3,1,2,4,2,1.0,5.0,2022
3,42000,2671,1,2142,3,1,2,3,2,2.0,14.0,2022
2,12000,550,2,1463,3,2,1,2,2,1.0,4.0,2022
3,24000,1700,2,1215,3,1,1,4,2,1.0,5.0,2022
2,16000,1050,1,1915,3,1,1,2,2,2.0,2.0,2022
6,20000,2400,2,1192,3,2,2,4,2,0.0,1.0,2022
2,15000,800,2,2091,3,1,1,2,2,1.0,2.0,2022
2,15000,1000,2,1038,3,1,1,2,2,2.0,3.0,2022
2,8000,1100,2,2032,3,2,1,2,2,2.0,3.0,2022
1,6500,160,2,688,3,2,1,1,2,0.0,1.0,2022
2,22000,1230,2,1356,3,1,2,2,2,5.0,5.0,2022
1,6200,500,2,1642,3,2,1,1,2,0.0,5.0,2022
1,9000,300,2,256,3,0,1,1,2,2.0,4.0,2022
2,9000,1156,1,255,3,2,0,2,2,0.0,2.0,2022
2,15000,1100,2,1435,3,1,1,2,2,2.0,4.0,2022
2,15000,1250,1,724,3,1,0,2,2,3.0,4.0,2022
3,15000,900,2,1183,3,1,1,3,2,,,2022
1,6800,650,2,1463,3,2,1,1,2,2.0,3.0,2022
1,5000,350,2,156,3,2,1,1,2,2.0,3.0,2022
2,12000,1500,2,58,3,0,1,2,2,0.0,3.0,2022
2,12000,100,2,1356,3,1,1,2,2,0.0,3.0,2022
2,12000,900,2,222,3,1,1,2,2,2.0,4.0,2022
2,18000,990,2,1885,3,0,1,2,2,3.0,3.0,2022
3,25000,1700,2,1025,3,1,1,3,2,5.0,5.0,2022
2,15000,900,2,1281,3,0,1,2,2,3.0,6.0,2022
3,23000,1700,2,771,3,1,1,3,2,2.0,5.0,2022
2,10500,1050,2,700,3,2,1,2,2,0.0,3.0,2022
3,37000,1550,2,228,3,1,1,3,2,3.0,5.0,2022
2,16000,1050,1,1915,3,1,1,2,2,1.0,2.0,2022
3,25000,1600,2,1028,3,1,1,3,2,4.0,5.0,2022
2,14000,1250,2,1638,3,2,1,2,2,1.0,4.0,2022
2,10000,700,2,1438,3,1,1,1,2,3.0,4.0,2022
2,12500,1100,2,222,3,1,1,2,2,2.0,3.0,2022
2,15000,850,2,228,3,1,1,1,2,3.0,5.0,2022
3,35000,1700,1,867,3,1,0,3,2,2.0,3.0,2022
3,30000,1800,1,1619,3,0,1,3,2,1.0,5.0,2022
1,8000,520,2,1385,3,1,1,1,2,3.0,5.0,2022
2,7000,800,2,1656,3,2,1,2,2,0.0,1.0,2022
1,5500,67,2,822,3,1,1,1,2,0.0,1.0,2022
1,5000,500,2,1519,3,2,1,1,2,2.0,3.0,2022
2,8500,1060,2,460,3,1,1,2,2,2.0,5.0,2022
2,8000,900,2,2032,3,0,1,1,2,0.0,2.0,2022
2,16000,1650,2,955,3,1,1,1,2,0.0,3.0,2022
2,7500,800,2,1255,3,1,1,2,2,2.0,4.0,2022
6,35000,3400,2,1656,3,2,1,7,2,0.0,2.0,2022
3,8000,1100,1,867,3,1,1,1,0,2.0,5.0,2022
2,45000,1492,2,590,3,1,1,2,0,4.0,31.0,2022
3,9000,1100,1,1215,3,1,1,1,0,1.0,4.0,2022
4,60000,2990,2,590,3,1,1,3,2,3.0,13.0,2022
3,70000,2780,2,1342,3,1,1,3,0,4.0,26.0,2022
2,9000,1100,1,96,3,2,1,2,2,1.0,2.0,2022
2,11000,90,2,1820,3,1,1,2,2,0.0,5.0,2022
2,5800,760,2,66,3,2,2,2,2,1.0,2.0,2022
1,9000,600,2,2159,3,0,1,1,2,0.0,4.0,2022
2,18000,940,2,1634,3,1,1,2,0,6.0,10.0,2022
3,45000,1742,1,581,3,1,2,3,0,24.0,33.0,2022
3,55000,2000,1,590,3,1,1,3,0,0.0,12.0,2022
1,9500,800,2,2162,3,1,1,1,2,3.0,4.0,2022
3,35000,1800,2,471,3,0,1,3,2,1.0,3.0,2022
2,7500,1350,2,1656,3,2,1,2,2,0.0,1.0,2022
3,25000,1685,2,1533,3,0,1,3,2,0.0,5.0,2022
2,12500,1250,2,1587,3,2,1,3,2,0.0,2.0,2022
3,22000,1800,1,1435,3,1,2,3,2,1.0,2.0,2022
2,7500,853,2,955,3,1,1,2,2,4.0,5.0,2022
3,42000,2000,1,581,3,1,2,3,0,4.0,17.0,2022
1,8000,800,2,36,3,0,1,1,2,0.0,2.0,2022
2,20000,1200,2,1820,3,1,1,1,2,0.0,1.0,2022
2,19000,1100,1,1028,3,1,1,2,0,5.0,5.0,2022
1,14000,550,1,1028,3,2,0,1,0,1.0,5.0,2022
4,200000,4761,1,876,3,1,0,6,2,1.0,35.0,2022
2,18500,920,1,1337,3,1,2,2,2,3.0,5.0,2022
3,38000,1400,1,1145,3,1,1,2,2,4.0,6.0,2022
3,67000,2310,2,1145,3,1,2,3,0,3.0,17.0,2022
2,5000,650,2,207,3,2,2,2,2,2.0,3.0,2022
1,25000,700,1,529,3,1,1,2,2,5.0,5.0,2022
1,7000,300,2,994,3,2,1,1,2,1.0,3.0,2022
4,10000,100,2,1438,3,2,1,2,2,1.0,3.0,2022
2,25000,1050,1,1857,3,0,1,2,2,1.0,5.0,2022
2,11000,1125,2,596,3,2,0,2,2,1.0,2.0,2022
4,17000,1600,2,1257,3,2,1,4,2,2.0,5.0,2022
3,47000,2400,2,228,3,0,1,3,0,1.0,3.0,2022
2,10000,650,2,2054,3,2,1,2,2,3.0,5.0,2022
1,7500,1000,2,1643,3,2,1,1,2,0.0,2.0,2022
2,10000,900,2,822,3,1,1,2,2,1.0,3.0,2022
2,11000,1250,2,772,3,1,1,3,2,1.0,3.0,2022
2,21000,1020,2,316,3,0,1,2,2,8.0,9.0,2022
3,15000,1270,1,1964,3,0,2,2,2,,,2022
1,7500,600,2,1270,3,2,1,1,2,3.0,4.0,2022
1,6500,500,1,1970,3,2,0,1,2,2.0,3.0,2022
2,7500,800,2,2032,3,1,1,2,2,2.0,2.0,2022
3,15000,1500,2,1270,3,2,1,2,2,2.0,4.0,2022
2,11000,1200,2,181,3,1,1,2,2,2.0,3.0,2022
3,23000,1900,1,1549,3,1,1,3,2,1.0,2.0,2022
2,11000,950,2,1323,3,2,1,2,2,2.0,4.0,2022
1,8000,300,2,70,3,1,1,1,2,1.0,3.0,2022
2,13000,1250,2,1970,3,2,1,2,2,0.0,1.0,2022
2,17000,1200,2,1899,3,2,0,2,2,2.0,4.0,2022
2,16000,1100,2,1270,3,1,1,2,2,2.0,4.0,2022
2,12000,1100,2,1563,3,1,1,2,2,2.0,4.0,2022
2,20000,1500,2,850,3,1,1,2,2,1.0,2.0,2022
3,18000,1400,2,1744,3,1,1,2,2,4.0,5.0,2022
3,50000,1742,1,590,3,1,2,3,0,11.0,35.0,2022
2,23000,1250,1,1885,3,1,1,2,0,2.0,4.0,2022
1,16500,650,2,228,3,0,1,1,2,1.0,6.0,2022
3,25000,1545,2,1270,3,0,1,2,2,4.0,6.0,2022
1,13000,700,1,1309,3,2,1,2,2,1.0,2.0,2022
2,12000,1600,2,515,3,2,1,2,2,1.0,5.0,2022
3,37000,1700,2,649,3,0,1,3,2,0.0,15.0,2022
2,6500,920,2,1283,3,2,1,2,2,0.0,27.0,2022
2,13000,1115,1,278,3,2,2,2,2,3.0,5.0,2022
3,17500,1000,1,1449,3,1,2,2,2,2.0,4.0,2022
2,15000,1200,2,1412,3,2,1,2,2,3.0,5.0,2022
1,4000,500,2,71,3,2,1,1,2,2.0,3.0,2022
3,15000,1850,2,1963,3,1,1,2,2,1.0,1.0,2022
1,9000,600,2,1800,3,2,1,2,2,2.0,2.0,2022
2,13000,200,1,1573,3,2,2,2,2,3.0,3.0,2022
3,25000,1500,2,1811,3,1,1,3,2,1.0,4.0,2022
3,37000,2100,2,1337,3,1,1,3,0,10.0,20.0,2022
3,25000,1250,2,1215,3,1,1,3,2,1.0,3.0,2022
1,13000,800,2,771,3,1,1,1,2,3.0,4.0,2022
3,20000,1450,2,1674,3,2,1,2,2,1.0,5.0,2022
3,37000,1960,2,2165,3,1,1,3,0,8.0,20.0,2022
3,40000,1965,2,1337,3,1,1,3,0,10.0,14.0,2022
3,45000,1834,2,1356,3,1,1,3,0,15.0,30.0,2022
3,44000,1834,2,1356,3,1,1,3,0,12.0,30.0,2022
2,15000,1150,2,91,3,2,1,2,2,1.0,4.0,2022
3,37000,1800,2,1337,3,0,1,3,0,10.0,20.0,2022
2,12000,1000,2,2083,3,1,1,2,2,3.0,5.0,2022
2,8000,1200,2,486,3,2,1,2,2,1.0,3.0,2022
3,30000,2000,2,1269,3,2,1,5,2,1.0,1.0,2022
1,12000,700,2,1811,3,1,1,1,2,3.0,4.0,2022
1,6000,400,2,1519,3,2,1,1,2,2.0,3.0,2022
2,9500,1250,2,63,3,0,1,2,2,1.0,1.0,2022
1,10000,500,2,2008,3,2,1,1,2,1.0,3.0,2022
3,16000,1550,2,156,3,2,1,3,2,1.0,4.0,2022
2,20000,1000,2,1895,3,2,1,2,2,2.0,4.0,2022
2,10000,1200,1,847,3,2,2,2,2,1.0,2.0,2022
2,13000,1200,1,496,3,2,1,2,2,2.0,3.0,2022
2,17000,1200,1,1215,3,1,0,2,2,5.0,5.0,2022
2,15000,1800,2,460,3,1,1,2,2,0.0,1.0,2022
2,10000,1100,2,955,3,0,2,2,2,5.0,5.0,2022
3,25000,1650,1,256,3,1,0,2,2,3.0,4.0,2022
3,15000,225,1,1605,3,2,1,3,2,0.0,1.0,2022
1,11000,550,2,1588,3,0,1,1,2,4.0,6.0,2022
1,7500,350,2,669,3,2,1,1,2,2.0,4.0,2022
2,15000,600,2,1302,3,2,1,1,2,1.0,2.0,2022
1,7500,500,2,688,3,2,1,1,2,2.0,3.0,2022
2,11000,1100,2,1412,3,2,1,2,2,0.0,5.0,2022
2,15000,1205,2,1532,3,0,1,2,2,3.0,5.0,2022
2,9500,1200,2,1964,3,1,1,1,2,0.0,2.0,2022
1,5000,540,2,1056,3,1,1,1,2,2.0,3.0,2022
3,20000,1800,1,1212,3,1,1,4,2,2.0,2.0,2022
1,8500,500,2,688,3,2,1,1,2,2.0,3.0,2022
2,9000,1200,2,1216,3,1,1,2,2,0.0,2.0,2022
2,15000,1180,2,1270,3,1,1,2,2,4.0,5.0,2022
2,20000,1000,2,152,3,2,1,2,2,4.0,5.0,2022
2,11500,675,1,278,3,2,0,2,2,3.0,3.0,2022
3,13000,1450,2,188,3,2,1,2,2,2.0,5.0,2022
1,11000,100,2,179,3,2,1,1,2,2.0,5.0,2022
1,6000,500,1,1685,3,2,0,1,2,1.0,3.0,2022
2,15000,100,2,2162,3,2,1,2,2,3.0,4.0,2022
4,45000,2300,1,1571,3,1,1,4,2,4.0,5.0,2022
1,5000,300,2,1643,3,2,1,1,2,0.0,2.0,2022
1,6000,300,2,1313,3,2,1,1,2,1.0,2.0,2022
1,8000,800,1,2083,3,2,1,1,2,3.0,3.0,2022
2,15000,1280,2,1828,3,2,1,3,2,0.0,1.0,2022
2,10000,110,1,1768,3,2,0,2,2,1.0,1.0,2022
2,9000,920,2,1283,3,1,1,2,2,4.0,4.0,2022
2,16000,2000,2,1437,3,2,1,2,2,0.0,3.0,2022
2,16000,770,2,955,3,1,1,2,2,1.0,4.0,2022
3,45000,3200,1,1056,3,1,1,3,0,1.0,3.0,2022
2,12000,1500,1,706,3,2,0,2,2,1.0,2.0,2022
2,14500,1100,2,2008,3,1,1,2,2,1.0,5.0,2022
1,8000,450,2,1573,3,2,1,1,2,3.0,3.0,2022
6,80000,4500,2,906,3,1,1,6,2,1.0,2.0,2022
2,15000,1300,1,8,3,1,1,2,2,2.0,4.0,2022
1,15500,1000,1,1215,3,1,1,1,2,2.0,5.0,2022
2,8000,900,1,255,3,1,0,2,2,0.0,2.0,2022
1,7500,400,2,1056,3,2,1,1,2,2.0,3.0,2022
3,15000,10,1,626,3,0,1,3,2,1.0,1.0,2022
1,5000,450,2,775,3,2,1,1,2,1.0,2.0,2022
2,10000,1300,2,1283,3,2,1,2,2,2.0,3.0,2022
2,16000,1000,2,790,3,0,1,2,2,4.0,5.0,2022
2,15000,1300,1,955,3,1,0,2,2,0.0,1.0,2022
1,6000,350,2,1357,3,1,1,1,2,1.0,3.0,2022
3,32000,1560,2,1372,3,1,1,3,2,1.0,6.0,2022
3,22000,1800,1,1277,3,1,1,3,0,4.0,5.0,2022
1,9000,600,1,724,3,1,1,1,0,1.0,4.0,2022
2,12000,350,1,1185,3,2,0,1,2,2.0,2.0,2022
2,16000,1100,1,376,3,0,0,2,2,4.0,5.0,2022
2,13000,1100,2,376,3,1,1,2,2,3.0,5.0,2022
2,20000,1170,2,1183,3,2,1,2,2,1.0,2.0,2022
1,9000,550,1,2215,3,2,1,1,2,-1.0,2.0,2022
2,11000,1000,2,255,3,2,1,2,2,5.0,5.0,2022
2,12500,1100,2,2052,3,0,1,2,2,2.0,5.0,2022
4,140000,3789,1,591,3,1,2,5,0,9.0,22.0,2022
3,65000,2700,1,867,3,1,1,3,0,2.0,5.0,2022
3,60000,2170,1,907,3,1,1,3,2,4.0,5.0,2022
2,26000,1160,2,1151,3,0,2,2,2,6.0,7.0,2022
2,8000,800,2,1273,3,0,1,2,2,1.0,6.0,2022
2,14000,1200,2,91,3,2,1,2,2,2.0,3.0,2022
3,15000,1422,2,35,3,1,1,3,2,4.0,7.0,2022
2,15000,1200,2,1859,3,1,1,2,2,0.0,2.0,2022
2,7000,1200,2,208,3,2,1,2,2,1.0,1.0,2022
2,16000,1080,1,1438,3,1,1,2,0,3.0,5.0,2022
2,17000,1050,1,1438,3,1,1,2,0,3.0,3.0,2022
2,18000,1100,1,1396,3,1,1,2,0,3.0,5.0,2022
2,20000,700,2,2008,3,2,1,2,2,3.0,7.0,2022
2,18000,1150,2,1270,3,1,1,2,2,4.0,5.0,2022
2,19000,1124,2,2032,3,0,1,2,2,1.0,5.0,2022
1,7000,650,2,962,3,1,1,1,2,3.0,3.0,2022
2,10000,1125,1,70,3,2,0,2,2,2.0,3.0,2022
2,9000,850,2,1742,3,1,1,2,2,2.0,2.0,2022
2,30000,1140,2,1056,3,0,2,2,2,5.0,5.0,2022
2,20000,1350,2,1634,3,1,0,2,2,8.0,14.0,2022
1,6500,600,2,1056,3,2,1,1,2,2.0,3.0,2022
2,9000,1050,2,318,3,2,1,2,2,0.0,1.0,2022
3,20000,1100,2,1394,3,1,1,3,2,2.0,5.0,2022
2,8000,1200,2,255,3,1,1,2,2,0.0,3.0,2022
3,22000,1450,2,80,3,1,1,2,2,2.0,6.0,2022
2,17000,1000,2,1055,3,1,2,2,2,5.0,5.0,2022
1,7000,300,2,1748,3,1,1,1,2,1.0,2.0,2022
6,30000,4200,2,1061,3,1,1,5,2,0.0,2.0,2022
2,12000,1000,2,1323,3,2,1,2,2,2.0,3.0,2022
3,53000,2300,1,228,3,0,0,3,0,1.0,5.0,2022
2,11000,900,2,1270,3,2,1,2,2,0.0,2.0,2022
1,7500,650,1,256,3,1,0,1,0,2.0,4.0,2022
1,7500,850,1,256,3,1,0,1,0,3.0,5.0,2022
2,12000,1300,2,411,3,1,1,2,2,2.0,3.0,2022
2,12000,950,2,109,3,0,1,2,2,4.0,4.0,2022
1,10500,150,1,2075,3,2,1,1,2,3.0,6.0,2022
2,6000,900,1,1656,3,2,1,2,2,0.0,1.0,2022
1,4500,50,2,91,3,2,1,1,2,4.0,5.0,2022
2,25000,1200,2,1896,3,2,2,2,2,3.0,4.0,2022
2,13000,1350,2,156,3,2,1,2,2,2.0,3.0,2022
1,6000,400,2,1319,3,2,1,1,2,1.0,3.0,2022
2,12500,800,2,1811,3,2,1,2,2,5.0,7.0,2022
3,26000,1450,2,1215,3,1,1,2,2,4.0,4.0,2022
3,60000,2405,2,1215,3,1,0,3,0,10.0,14.0,2022
3,35000,2500,2,2100,3,2,1,2,2,2.0,2.0,2022
4,16000,1000,2,1353,3,1,1,2,2,1.0,3.0,2022
2,12000,1200,2,2032,3,2,1,2,2,1.0,3.0,2022
4,110000,3250,1,1145,3,1,1,5,2,12.0,17.0,2022
3,20000,1600,1,1748,3,1,2,3,2,1.0,2.0,2022
2,12000,980,2,1323,3,2,1,2,2,2.0,3.0,2022
3,25000,1600,2,181,3,1,1,3,2,1.0,2.0,2022
2,17000,1000,2,1379,3,1,1,2,2,3.0,4.0,2022
1,5500,40,2,822,3,2,1,1,2,0.0,2.0,2022
1,8000,850,2,774,3,2,1,1,2,0.0,3.0,2022
2,17000,840,2,318,3,0,1,2,2,3.0,5.0,2022
2,15000,600,1,1337,3,2,0,1,2,2.0,2.0,2022
1,9000,650,2,248,3,0,1,1,0,1.0,3.0,2022
2,16000,1100,2,248,3,0,2,2,0,2.0,5.0,2022
3,30000,214,2,867,3,0,0,4,2,2.0,2.0,2022
3,30000,1700,2,877,3,1,2,3,0,6.0,13.0,2022
2,13000,1500,1,1750,3,2,2,2,2,0.0,1.0,2022
2,8000,600,2,1936,3,2,1,2,2,1.0,4.0,2022
2,13000,950,2,1215,3,2,1,2,2,2.0,2.0,2022
2,7000,900,2,2108,3,2,1,1,2,0.0,2.0,2022
1,5000,500,1,183,3,0,1,1,2,0.0,1.0,2022
3,18000,1450,1,1270,3,1,2,3,2,1.0,5.0,2022
3,35000,1250,2,1619,3,0,0,2,2,4.0,5.0,2022
3,15000,1500,2,71,3,1,2,3,2,-1.0,2.0,2022
3,15000,1500,2,71,3,1,1,3,2,-1.0,2.0,2022
2,17000,855,1,633,3,2,0,2,0,4.0,5.0,2022
2,25000,1040,1,590,3,2,0,2,2,2.0,4.0,2022
2,12000,1350,2,1434,3,2,1,2,2,2.0,2.0,2022
2,15000,1000,1,219,3,1,1,2,2,3.0,5.0,2022
3,29000,2000,2,1214,3,1,1,3,2,1.0,4.0,2022
3,35000,1750,1,724,3,1,1,3,0,3.0,5.0,2022
3,45000,1500,1,590,3,1,2,2,0,23.0,34.0,2022
2,15000,1000,1,1915,3,2,0,2,2,4.0,5.0,2022
